,accoci,assets,assetsavg,assetsc,assetsnc,assetturnover,bvps,capex,cashneq,cashnequsd,cor,consolinc,currentratio,de,debt,debtc,debtnc,debtusd,deferredrev,depamor,deposits,divyield,dps,ebit,ebitda,ebitdamargin,ebitdausd,ebitusd,ebt,eps,epsdil,epsusd,equity,equityavg,equityusd,ev,evebit,evebitda,fcf,fcfps,fxusd,gp,grossmargin,intangibles,intexp,invcap,invcapavg,inventory,investments,investmentsc,investmentsnc,liabilities,liabilitiesc,liabilitiesnc,marketcap,ncf,ncfbus,ncfcommon,ncfdebt,ncfdiv,ncff,ncfi,ncfinv,ncfo,ncfx,netinc,netinccmn,netinccmnusd,netincdis,netincnci,netmargin,opex,opinc,payables,payoutratio,pb,pe,pe1,ppnenet,prefdivis,price,ps,ps1,receivables,retearn,revenue,revenueusd,rnd,roa,roe,roic,ros,sbcomp,sgna,sharefactor,sharesbas,shareswa,shareswadil,sps,tangibles,taxassets,taxexp,taxliabilities,tbvps,workingcapital,,
accoci,1.00,-0.03,-0.03,-0.07,-0.02,0.00,0.00,0.02,-0.07,-0.04,-0.03,-0.02,0.00,0.00,0.00,0.00,0.00,-0.03,0.01,-0.04,-0.06,0.00,0.00,-0.02,-0.02,0.00,-0.04,-0.03,-0.02,0.00,0.00,0.00,-0.05,-0.05,-0.03,-0.03,0.00,0.00,-0.03,0.00,-0.02,-0.06,0.00,-0.11,0.00,-0.02,-0.02,-0.11,-0.03,-0.02,-0.02,-0.02,-0.04,-0.01,-0.02,0.02,0.13,0.04,-0.01,0.01,0.03,0.02,-0.01,-0.02,0.00,-0.02,-0.02,-0.02,0.00,-0.01,0.00,-0.13,-0.02,-0.03,0.00,0.00,0.00,#VALUE!,-0.01,-0.01,0.00,0.00,#VALUE!,-0.08,-0.40,-0.04,-0.05,-0.67,0.00,0.00,0.00,0.00,0.01,-0.13,0.01,-0.01,-0.01,-0.09,0.00,-0.03,0.00,-0.02,-0.01,0.00,-0.18,,
assets,-0.03,1.00,1.00,0.99,1.00,0.00,0.00,-0.93,0.97,0.04,0.98,0.58,0.00,0.00,0.95,0.95,0.94,0.04,0.01,0.99,0.03,0.02,0.00,0.73,0.84,0.00,0.09,0.08,0.66,0.00,0.00,0.00,0.99,0.99,0.07,0.06,0.00,0.00,0.62,0.00,0.94,0.90,0.00,0.62,0.78,0.99,0.98,0.96,0.86,0.88,0.80,0.99,0.98,0.97,0.07,0.28,-0.09,0.28,0.77,-0.85,-0.85,-0.94,0.63,0.93,0.65,0.54,0.54,0.06,-0.05,0.96,0.00,0.91,0.80,0.95,0.00,0.00,0.00,#VALUE!,0.99,0.00,0.00,0.00,#VALUE!,0.92,0.85,0.96,0.06,0.04,0.00,0.00,0.00,0.00,0.00,0.92,-0.08,0.36,0.36,0.89,0.00,1.00,0.92,0.82,0.97,0.00,0.87,,
assetsavg,-0.03,1.00,1.00,0.98,1.00,-0.01,0.00,-0.91,0.97,0.04,0.97,0.56,0.00,0.00,0.96,0.96,0.95,0.04,0.01,0.99,0.03,0.02,0.00,0.71,0.83,0.00,0.09,0.08,0.64,0.00,0.00,0.00,0.98,0.99,0.07,0.06,0.00,0.00,0.63,0.00,0.94,0.89,0.00,0.63,0.81,0.99,0.99,0.96,0.86,0.89,0.79,0.99,0.98,0.98,0.07,0.27,-0.09,0.25,0.77,-0.83,-0.84,-0.93,0.62,0.91,0.64,0.52,0.52,0.06,-0.05,0.96,0.00,0.91,0.78,0.94,0.00,0.00,0.00,#VALUE!,1.00,0.01,0.00,0.00,#VALUE!,0.91,0.86,0.95,0.06,0.04,0.00,0.00,0.00,0.00,0.00,0.92,-0.08,0.36,0.36,0.88,0.00,1.00,0.93,0.81,0.95,0.00,0.88,,
assetsc,-0.07,0.99,0.98,1.00,0.98,-0.01,0.00,-0.93,0.99,0.07,0.98,0.69,0.00,0.00,0.88,0.90,0.88,0.07,0.02,0.98,0.00,0.02,0.00,0.82,0.90,0.00,0.11,0.10,0.76,0.00,0.00,0.00,1.00,0.99,0.10,0.08,0.00,0.00,0.71,0.00,0.92,0.95,0.00,0.66,0.70,0.95,0.95,0.98,0.95,0.88,0.85,0.96,0.99,0.93,0.08,0.38,-0.12,0.33,0.76,-0.87,-0.88,-0.95,0.63,0.96,0.55,0.65,0.65,0.08,-0.06,0.90,0.00,0.89,0.87,0.97,0.00,0.00,0.00,#VALUE!,0.97,0.00,0.00,0.00,#VALUE!,0.96,0.95,0.98,0.07,0.10,0.00,0.00,0.00,0.00,0.00,0.94,-0.08,0.36,0.36,0.93,0.00,0.98,0.86,0.89,0.95,0.00,0.90,,
assetsnc,-0.02,1.00,1.00,0.98,1.00,-0.01,0.00,-0.92,0.96,0.05,0.97,0.55,0.00,0.00,0.96,0.96,0.95,0.07,0.01,0.99,0.00,0.02,0.00,0.71,0.82,0.00,0.08,0.07,0.63,0.00,0.00,0.00,0.98,0.99,0.07,0.06,0.00,0.00,0.60,0.00,0.94,0.89,0.00,0.61,0.80,0.99,0.99,0.95,0.90,0.88,0.78,1.00,0.98,0.98,0.06,0.26,-0.08,0.26,0.77,-0.84,-0.84,-0.93,0.63,0.91,0.66,0.51,0.51,0.06,-0.05,0.97,0.00,0.91,0.77,0.94,0.00,0.00,0.00,#VALUE!,1.00,0.00,0.00,0.00,#VALUE!,0.90,0.83,0.95,0.05,0.03,0.00,0.00,0.00,0.00,0.00,0.91,-0.08,0.36,0.36,0.91,0.00,1.00,0.94,0.80,0.96,0.00,0.86,,
assetturnover,0.00,0.00,-0.01,-0.01,-0.01,1.00,-0.01,0.00,0.00,-0.04,0.00,0.00,-0.02,-0.02,-0.01,-0.01,-0.01,-0.05,-0.02,0.00,-0.05,-0.04,-0.01,0.00,0.00,0.04,-0.02,-0.02,0.00,0.01,0.01,0.01,0.00,0.00,-0.06,-0.04,0.00,0.00,0.00,0.01,0.00,0.00,-0.03,0.00,0.00,-0.01,-0.01,0.00,-0.02,-0.01,0.00,-0.01,-0.01,-0.01,-0.02,0.00,0.00,0.00,0.00,0.00,0.00,0.00,0.00,0.00,0.00,0.00,0.00,-0.01,0.00,0.00,0.04,0.00,0.00,0.00,0.00,-0.01,0.01,#VALUE!,0.00,0.00,-0.01,-0.01,#VALUE!,0.00,0.00,0.00,0.08,0.00,0.02,0.03,-0.01,0.04,-0.01,0.00,0.00,-0.02,-0.02,-0.02,-0.01,0.00,0.00,0.00,0.00,-0.01,-0.01,,
bvps,0.00,0.00,0.00,0.00,0.00,-0.01,1.00,0.00,0.00,0.00,0.00,0.00,0.00,0.00,0.00,0.00,0.00,0.00,0.00,0.00,0.00,0.00,0.78,0.00,0.00,0.00,0.00,0.00,0.00,-0.80,-0.81,-0.80,0.00,0.00,0.00,0.00,0.00,0.00,0.00,-0.84,0.00,0.00,0.00,0.00,0.00,0.00,0.00,0.00,0.00,0.00,0.00,0.00,0.00,0.00,0.00,0.00,0.00,0.00,0.00,0.00,0.00,0.00,0.00,0.00,0.00,0.00,0.00,0.00,0.00,0.00,0.00,0.00,0.00,0.00,0.00,0.00,0.00,#VALUE!,0.00,0.00,0.49,0.00,#VALUE!,0.00,0.00,0.00,0.00,0.00,0.00,0.00,0.00,0.00,0.00,0.00,-0.04,0.00,0.00,0.00,0.99,0.00,0.00,0.00,0.00,1.00,0.00,,
capex,0.02,-0.93,-0.91,-0.93,-0.92,0.00,0.00,1.00,-0.94,-0.01,-0.96,-0.71,0.00,0.00,-0.79,-0.82,-0.78,-0.01,-0.01,-0.93,0.00,-0.02,0.00,-0.82,-0.89,0.00,-0.08,-0.08,-0.77,0.00,0.00,0.00,-0.95,-0.95,-0.04,-0.04,0.00,0.00,-0.58,0.00,-0.86,-0.96,0.00,-0.55,-0.55,-0.88,-0.86,-0.88,-0.82,-0.69,-0.86,-0.89,-0.96,-0.85,-0.06,-0.29,0.09,-0.42,-0.77,0.92,0.88,0.98,-0.53,-0.97,-0.69,-0.68,-0.68,-0.06,0.01,-0.83,0.00,-0.87,-0.89,-0.94,0.00,0.00,0.00,#VALUE!,-0.92,0.00,0.00,0.00,#VALUE!,-0.92,-0.91,-0.97,-0.05,-0.02,0.00,0.00,0.00,0.00,0.00,-0.89,0.08,-0.35,-0.35,-0.88,0.00,-0.93,-0.82,-0.89,-0.96,0.00,-0.75,,
cashneq,-0.07,0.97,0.97,0.99,0.96,0.00,0.00,-0.94,1.00,0.07,0.98,0.73,0.00,0.00,0.86,0.87,0.85,0.05,0.04,0.97,0.05,0.01,0.00,0.85,0.93,0.00,0.11,0.11,0.80,0.00,0.00,0.00,0.99,0.98,0.09,0.07,0.00,0.00,0.73,0.00,0.90,0.96,0.00,0.58,0.66,0.94,0.93,0.95,0.89,0.87,0.84,0.94,0.98,0.91,0.09,0.41,-0.10,0.35,0.74,-0.89,-0.90,-0.96,0.63,0.97,0.53,0.70,0.70,0.09,-0.02,0.88,0.00,0.85,0.90,0.96,0.00,0.00,0.00,#VALUE!,0.96,0.01,0.00,0.00,#VALUE!,0.95,0.79,0.98,0.07,0.09,0.00,0.00,0.00,0.00,0.01,0.91,-0.08,0.37,0.37,0.90,0.00,0.97,0.83,0.92,0.95,0.00,0.89,,
cashnequsd,-0.04,0.04,0.04,0.07,0.05,-0.04,0.00,-0.01,0.07,1.00,0.01,0.01,0.00,0.02,0.03,0.04,0.03,0.72,0.14,0.01,0.89,0.00,0.00,0.01,0.01,0.00,0.30,0.30,0.01,0.00,0.00,0.00,0.02,0.02,0.68,0.53,-0.10,0.00,0.02,0.00,0.00,0.01,0.01,0.04,0.00,0.04,0.04,0.01,0.33,0.07,0.05,0.06,0.07,0.03,0.33,0.01,0.00,0.00,-0.01,-0.01,-0.01,-0.01,-0.01,0.01,0.00,0.01,0.01,0.29,0.00,0.00,0.01,0.02,0.01,0.01,0.01,0.00,0.00,#VALUE!,0.01,0.20,0.00,0.00,#VALUE!,0.02,0.04,0.01,0.31,0.02,0.00,0.00,0.00,0.00,0.06,0.02,-0.01,0.15,0.15,0.29,0.00,0.04,0.00,0.01,0.01,0.00,0.08,,
cor,-0.03,0.98,0.97,0.98,0.97,0.00,0.00,-0.96,0.98,0.01,1.00,0.70,0.00,0.00,0.87,0.90,0.86,0.01,0.00,0.96,0.00,0.02,0.00,0.82,0.90,0.00,0.08,0.08,0.76,0.00,0.00,0.00,0.99,0.99,0.04,0.04,0.00,0.00,0.66,0.00,0.92,0.96,0.00,0.66,0.67,0.94,0.93,0.97,0.88,0.83,0.88,0.95,0.99,0.91,0.06,0.33,-0.13,0.37,0.79,-0.90,-0.89,-0.96,0.60,0.96,0.61,0.66,0.66,0.06,-0.10,0.88,0.00,0.89,0.87,0.98,0.00,0.00,0.00,#VALUE!,0.96,0.00,0.00,0.00,#VALUE!,0.94,0.56,0.99,0.06,0.05,0.00,0.00,0.00,0.00,0.00,0.95,-0.09,0.35,0.35,0.88,0.00,0.97,0.85,0.89,0.96,0.00,0.83,,
consolinc,-0.02,0.58,0.56,0.69,0.55,0.00,0.00,-0.71,0.73,0.01,0.70,1.00,0.00,0.00,0.31,0.36,0.30,0.00,0.01,0.60,0.00,0.01,0.00,0.98,0.93,0.00,0.09,0.10,0.99,0.00,0.00,0.00,0.69,0.65,0.04,0.05,0.00,0.00,0.81,0.00,0.50,0.84,0.00,0.40,0.03,0.47,0.46,0.64,0.70,0.54,0.77,0.49,0.69,0.40,0.07,0.64,-0.11,0.52,0.47,-0.76,-0.79,-0.72,0.45,0.82,0.03,1.00,1.00,0.09,-0.01,0.36,0.00,0.40,0.95,0.71,0.00,0.00,0.00,#VALUE!,0.53,0.00,0.00,0.00,#VALUE!,0.77,0.95,0.76,0.05,0.02,0.00,0.00,0.00,0.00,0.00,0.62,-0.05,0.25,0.25,0.84,0.00,0.58,0.26,0.94,0.62,0.00,0.60,,
currentratio,0.00,0.00,0.00,0.00,0.00,-0.02,0.00,0.00,0.00,0.00,0.00,0.00,1.00,0.00,0.00,0.00,0.00,-0.01,0.00,0.00,0.00,0.00,0.00,0.00,0.00,0.00,0.00,0.00,0.00,0.00,0.00,0.00,0.00,0.00,-0.01,-0.01,0.00,0.00,0.00,0.00,0.00,0.00,0.01,0.00,0.00,0.00,0.00,0.00,0.00,0.00,0.00,0.00,0.00,0.00,-0.01,0.00,0.00,0.00,0.00,0.00,0.00,0.00,0.00,0.00,0.00,0.00,0.00,0.00,0.00,0.00,0.00,0.00,0.00,0.00,-0.01,0.00,0.00,#VALUE!,0.00,0.00,0.00,0.00,#VALUE!,0.00,0.00,0.00,-0.01,0.00,0.00,0.00,0.00,0.00,0.00,0.00,0.00,0.00,0.00,0.00,0.00,0.00,0.00,0.00,0.00,0.00,0.00,,
de,0.00,0.00,0.00,0.00,0.00,-0.02,0.00,0.00,0.00,0.02,0.00,0.00,0.00,1.00,0.00,0.00,0.00,0.02,0.00,0.00,0.02,0.00,0.00,0.00,0.00,0.01,0.00,0.00,0.00,0.00,0.00,0.00,0.00,0.00,0.01,0.02,-0.01,0.00,0.00,0.00,0.00,0.00,0.01,0.00,0.00,0.00,0.00,0.00,0.01,0.00,0.00,0.00,0.00,0.00,0.00,0.00,0.00,0.00,0.00,0.00,0.00,0.00,0.00,0.00,0.00,0.00,0.00,0.00,0.00,0.00,0.01,0.00,0.00,0.00,0.00,0.24,0.00,#VALUE!,0.00,0.00,0.00,0.00,#VALUE!,0.00,0.00,0.00,0.01,0.00,0.00,0.00,0.00,0.01,0.00,0.00,0.00,0.00,0.00,0.00,0.00,0.00,0.00,0.00,0.00,0.00,0.00,,
debt,0.00,0.95,0.96,0.88,0.96,-0.01,0.00,-0.79,0.86,0.03,0.87,0.31,0.00,0.00,1.00,0.98,1.00,0.04,0.00,0.93,0.02,0.01,0.00,0.49,0.64,0.00,0.05,0.05,0.40,0.00,0.00,0.00,0.88,0.90,0.04,0.05,-0.01,0.00,0.47,0.00,0.90,0.72,0.00,0.54,0.93,0.98,0.99,0.87,0.74,0.87,0.63,0.98,0.88,0.99,0.04,0.15,-0.06,0.13,0.70,-0.67,-0.68,-0.81,0.57,0.77,0.68,0.26,0.26,0.03,-0.04,0.99,0.00,0.87,0.56,0.83,0.00,0.00,0.00,#VALUE!,0.96,0.00,0.00,0.00,#VALUE!,0.76,0.42,0.82,0.04,0.00,0.00,0.00,0.00,0.00,0.00,0.81,-0.07,0.32,0.32,0.81,0.00,0.95,0.97,0.61,0.88,0.00,0.80,,
debtc,0.00,0.95,0.96,0.90,0.96,-0.01,0.00,-0.82,0.87,0.04,0.90,0.36,0.00,0.00,0.98,1.00,0.97,0.08,0.00,0.92,0.00,0.02,0.00,0.54,0.67,0.00,0.06,0.05,0.45,0.00,0.00,0.00,0.90,0.92,0.06,0.05,0.00,0.00,0.46,0.00,0.91,0.76,0.00,0.63,0.87,0.97,0.97,0.91,0.81,0.86,0.66,0.97,0.91,0.98,0.04,0.12,-0.14,0.17,0.80,-0.75,-0.74,-0.81,0.66,0.78,0.69,0.32,0.32,0.03,-0.07,0.97,0.00,0.89,0.61,0.87,0.00,0.00,0.00,#VALUE!,0.96,0.00,0.00,0.00,#VALUE!,0.79,0.38,0.85,0.05,0.00,0.00,0.00,0.00,0.00,0.00,0.86,-0.08,0.34,0.34,0.82,0.00,0.95,0.96,0.65,0.90,0.00,0.78,,
debtnc,0.00,0.94,0.95,0.88,0.95,-0.01,0.00,-0.78,0.85,0.03,0.86,0.30,0.00,0.00,1.00,0.97,1.00,0.07,0.00,0.93,0.00,0.02,0.00,0.49,0.63,0.00,0.05,0.04,0.39,0.00,0.00,0.00,0.87,0.90,0.05,0.04,0.00,0.00,0.47,0.00,0.90,0.71,0.00,0.53,0.94,0.98,0.98,0.87,0.78,0.87,0.63,0.98,0.87,0.99,0.04,0.15,-0.05,0.12,0.69,-0.66,-0.67,-0.81,0.56,0.76,0.67,0.25,0.25,0.02,-0.04,0.98,0.00,0.87,0.56,0.82,0.00,0.00,0.00,#VALUE!,0.96,0.00,0.00,0.00,#VALUE!,0.75,0.44,0.81,0.04,0.00,0.00,0.00,0.00,0.00,0.00,0.80,-0.07,0.31,0.31,0.84,0.00,0.94,0.96,0.61,0.88,0.00,0.80,,
debtusd,-0.03,0.04,0.04,0.07,0.07,-0.05,0.00,-0.01,0.05,0.72,0.01,0.00,-0.01,0.02,0.04,0.08,0.07,1.00,0.03,0.01,0.60,0.01,0.00,0.01,0.01,0.01,0.24,0.23,0.00,0.00,0.00,0.00,0.01,0.01,0.55,0.80,-0.33,0.01,0.01,0.00,0.01,0.01,0.01,0.03,0.01,0.04,0.04,0.01,0.32,0.07,0.06,0.06,0.07,0.07,0.26,0.00,-0.01,0.00,0.00,-0.01,-0.01,-0.01,0.00,0.01,0.00,0.00,0.00,0.21,-0.01,0.01,0.01,0.02,0.01,0.01,0.00,0.00,0.00,#VALUE!,0.01,0.11,0.00,0.00,#VALUE!,0.01,0.02,0.01,0.25,0.00,0.00,0.00,0.00,0.01,0.03,0.02,-0.04,0.17,0.17,0.28,0.00,0.04,0.01,0.01,0.01,0.00,0.05,,
deferredrev,0.01,0.01,0.01,0.02,0.01,-0.02,0.00,-0.01,0.04,0.14,0.00,0.01,0.00,0.00,0.00,0.00,0.00,0.03,1.00,0.02,0.02,0.01,0.00,0.01,0.01,0.00,0.47,0.40,0.01,0.00,0.00,0.00,0.02,0.02,0.39,0.24,0.00,0.00,0.02,0.00,0.00,0.02,0.00,0.02,0.00,0.00,0.00,0.00,0.03,0.03,0.00,0.01,0.02,0.00,0.41,0.00,0.00,-0.01,0.00,0.00,-0.01,-0.01,-0.02,0.01,0.00,0.01,0.01,0.42,0.00,0.00,0.00,0.04,0.00,0.02,0.00,0.00,0.00,#VALUE!,0.01,0.01,0.00,0.00,#VALUE!,0.01,0.02,0.01,0.33,0.01,0.00,0.00,0.00,0.00,0.17,0.02,-0.04,0.20,0.20,0.18,0.00,0.01,0.00,0.00,0.00,0.00,0.01,,
depamor,-0.04,0.99,0.99,0.98,0.99,0.00,0.00,-0.93,0.97,0.01,0.96,0.60,0.00,0.00,0.93,0.92,0.93,0.01,0.02,1.00,0.00,0.02,0.00,0.75,0.85,0.00,0.09,0.08,0.67,0.00,0.00,0.00,0.98,0.98,0.05,0.04,0.00,0.00,0.68,0.00,0.92,0.90,0.00,0.56,0.78,0.98,0.98,0.93,0.84,0.88,0.80,0.98,0.97,0.96,0.06,0.35,-0.07,0.31,0.71,-0.82,-0.84,-0.95,0.57,0.94,0.61,0.55,0.55,0.06,0.00,0.94,0.00,0.89,0.81,0.92,0.00,0.00,0.00,#VALUE!,0.98,0.00,0.00,0.00,#VALUE!,0.91,0.88,0.95,0.05,0.04,0.00,0.00,0.00,0.00,0.00,0.90,-0.08,0.36,0.36,0.88,0.00,0.99,0.90,0.83,0.95,0.00,0.90,,
deposits,-0.06,0.03,0.03,0.00,0.00,-0.05,0.00,0.00,0.05,0.89,0.00,0.00,0.00,0.02,0.02,0.00,0.00,0.60,0.02,0.00,1.00,0.00,0.00,0.00,0.00,0.00,0.19,0.21,0.00,0.00,0.00,0.00,0.01,0.01,0.62,0.37,-0.02,0.00,0.01,0.00,0.00,0.00,0.01,0.03,0.00,0.03,0.03,0.00,0.31,0.01,0.01,0.05,0.00,0.00,0.22,0.01,0.00,0.00,-0.01,0.00,0.00,0.00,-0.01,0.00,0.00,0.00,0.00,0.20,0.00,0.00,0.00,0.01,0.00,0.00,0.00,0.00,0.00,#VALUE!,0.00,0.19,0.00,0.00,#VALUE!,0.01,0.02,0.00,0.19,0.00,0.00,0.00,0.00,0.00,0.02,0.01,0.00,0.08,0.08,0.26,0.00,0.03,0.00,0.00,0.00,0.00,0.01,,
divyield,0.00,0.02,0.02,0.02,0.02,-0.04,0.00,-0.02,0.01,0.00,0.02,0.01,0.00,0.00,0.01,0.02,0.02,0.01,0.01,0.02,0.00,1.00,0.00,0.01,0.01,0.01,0.02,0.01,0.01,0.00,0.00,0.00,0.02,0.02,0.02,0.02,0.01,0.01,0.00,0.00,0.02,0.01,0.00,0.01,0.01,0.02,0.02,0.01,0.01,0.02,0.02,0.02,0.02,0.02,0.01,-0.01,0.00,0.00,0.02,-0.02,-0.02,-0.02,0.01,0.01,0.02,0.01,0.01,0.01,0.00,0.02,0.01,0.02,0.01,0.02,0.21,0.00,0.00,#VALUE!,0.02,0.02,0.00,0.00,#VALUE!,0.01,0.01,0.02,0.02,0.01,0.01,0.00,0.00,0.01,0.00,0.02,-0.01,0.01,0.01,0.02,0.00,0.02,0.02,0.01,0.02,0.00,0.02,,
dps,0.00,0.00,0.00,0.00,0.00,-0.01,0.78,0.00,0.00,0.00,0.00,0.00,0.00,0.00,0.00,0.00,0.00,0.00,0.00,0.00,0.00,0.00,1.00,0.00,0.00,0.00,0.00,0.00,0.00,-0.29,-0.30,-0.29,0.00,0.00,0.00,0.00,0.00,0.00,0.00,-1.00,0.00,0.00,0.00,0.00,0.00,0.00,0.00,0.00,0.00,0.00,0.00,0.00,0.00,0.00,0.00,0.00,0.00,0.00,0.00,0.00,0.00,0.00,0.00,0.00,0.00,0.00,0.00,0.00,0.00,0.00,0.00,0.00,0.00,0.00,0.00,0.00,0.00,#VALUE!,0.00,0.00,0.37,0.00,#VALUE!,0.00,0.00,0.00,0.00,0.00,0.00,0.00,0.00,0.00,0.00,0.00,-0.03,0.00,0.00,0.00,0.71,0.00,0.00,0.00,0.00,0.74,0.00,,
ebit,-0.02,0.73,0.71,0.82,0.71,0.00,0.00,-0.82,0.85,0.01,0.82,0.98,0.00,0.00,0.49,0.54,0.49,0.01,0.01,0.75,0.00,0.01,0.00,1.00,0.98,0.00,0.09,0.10,0.99,0.00,0.00,0.00,0.82,0.78,0.04,0.05,0.00,0.00,0.85,0.00,0.65,0.92,0.00,0.47,0.23,0.64,0.63,0.77,0.80,0.68,0.83,0.65,0.82,0.58,0.07,0.63,-0.11,0.52,0.56,-0.84,-0.87,-0.83,0.53,0.91,0.17,0.97,0.97,0.08,-0.01,0.54,0.00,0.55,0.99,0.82,0.00,0.00,0.00,#VALUE!,0.69,0.00,0.00,0.00,#VALUE!,0.87,0.93,0.87,0.05,0.02,0.00,0.00,0.00,0.00,0.00,0.74,-0.06,0.29,0.29,0.86,0.00,0.73,0.45,0.99,0.75,0.00,0.73,,
ebitda,-0.02,0.84,0.83,0.90,0.82,0.00,0.00,-0.89,0.93,0.01,0.90,0.93,0.00,0.00,0.64,0.67,0.63,0.01,0.01,0.85,0.00,0.01,0.00,0.98,1.00,0.00,0.10,0.10,0.96,0.00,0.00,0.00,0.90,0.88,0.05,0.05,0.00,0.00,0.85,0.00,0.76,0.96,0.00,0.52,0.39,0.76,0.76,0.86,0.85,0.77,0.87,0.78,0.90,0.71,0.08,0.58,-0.10,0.49,0.63,-0.87,-0.91,-0.91,0.57,0.97,0.30,0.91,0.91,0.08,-0.01,0.68,0.00,0.67,0.99,0.89,0.00,0.00,0.00,#VALUE!,0.81,0.00,0.00,0.00,#VALUE!,0.93,0.96,0.94,0.05,0.03,0.00,0.00,0.00,0.00,0.00,0.82,-0.07,0.33,0.33,0.87,0.00,0.84,0.59,1.00,0.85,0.00,0.81,,
ebitdamargin,0.00,0.00,0.00,0.00,0.00,0.04,0.00,0.00,0.00,0.00,0.00,0.00,0.00,0.01,0.00,0.00,0.00,0.01,0.00,0.00,0.00,0.01,0.00,0.00,0.00,1.00,0.01,0.01,0.00,0.00,0.00,0.00,0.00,0.00,0.01,0.01,0.00,0.00,0.00,0.00,0.00,0.00,0.26,0.00,0.00,0.00,0.00,0.00,0.00,0.00,0.00,0.00,0.00,0.00,0.01,0.00,0.00,0.00,0.00,0.00,0.00,0.00,0.00,0.00,0.00,0.00,0.00,0.01,0.00,0.00,1.00,0.00,0.00,0.00,0.00,0.13,0.01,#VALUE!,0.00,0.00,0.00,-0.45,#VALUE!,0.00,0.00,0.00,0.01,0.00,0.10,0.00,0.02,1.00,0.00,0.00,0.00,0.00,0.00,0.00,0.00,0.00,0.00,0.00,0.00,0.00,0.00,,
ebitdausd,-0.04,0.09,0.09,0.11,0.08,-0.02,0.00,-0.08,0.11,0.30,0.08,0.09,0.00,0.00,0.05,0.06,0.05,0.24,0.47,0.09,0.19,0.02,0.00,0.09,0.10,0.01,1.00,0.97,0.09,0.00,0.00,0.00,0.10,0.10,0.78,0.66,0.00,0.00,0.09,0.00,0.06,0.11,0.01,0.13,0.02,0.07,0.07,0.08,0.17,0.09,0.11,0.08,0.10,0.06,0.89,0.05,-0.03,0.01,0.05,-0.08,-0.09,-0.09,0.02,0.10,0.02,0.09,0.09,0.94,-0.03,0.05,0.01,0.11,0.10,0.10,0.02,0.00,0.00,#VALUE!,0.07,0.04,0.00,0.00,#VALUE!,0.12,0.17,0.09,0.80,0.07,0.01,0.01,0.00,0.01,0.27,0.11,-0.02,0.32,0.32,0.40,0.00,0.09,0.05,0.09,0.07,0.00,0.11,,
ebitusd,-0.03,0.08,0.08,0.10,0.07,-0.02,0.00,-0.08,0.11,0.30,0.08,0.10,0.00,0.00,0.05,0.05,0.04,0.23,0.40,0.08,0.21,0.01,0.00,0.10,0.10,0.01,0.97,1.00,0.10,0.00,0.01,0.00,0.09,0.09,0.72,0.65,0.00,0.00,0.09,0.00,0.06,0.10,0.01,0.11,0.01,0.07,0.07,0.08,0.17,0.08,0.11,0.07,0.09,0.05,0.88,0.05,-0.03,0.01,0.05,-0.07,-0.08,-0.08,0.02,0.09,0.01,0.10,0.10,0.98,-0.02,0.04,0.01,0.09,0.10,0.09,0.01,0.00,0.00,#VALUE!,0.06,0.04,0.00,0.00,#VALUE!,0.11,0.13,0.09,0.73,0.06,0.01,0.01,0.00,0.01,0.29,0.09,0.00,0.25,0.25,0.38,0.00,0.08,0.04,0.09,0.07,0.00,0.10,,
ebt,-0.02,0.66,0.64,0.76,0.63,0.00,0.00,-0.77,0.80,0.01,0.76,0.99,0.00,0.00,0.40,0.45,0.39,0.00,0.01,0.67,0.00,0.01,0.00,0.99,0.96,0.00,0.09,0.10,1.00,0.00,0.00,0.00,0.76,0.72,0.04,0.05,0.00,0.00,0.83,0.00,0.58,0.89,0.00,0.43,0.12,0.55,0.54,0.71,0.75,0.60,0.80,0.57,0.76,0.49,0.07,0.63,-0.11,0.52,0.52,-0.81,-0.84,-0.78,0.49,0.87,0.11,0.99,0.99,0.09,-0.01,0.45,0.00,0.48,0.97,0.77,0.00,0.00,0.00,#VALUE!,0.62,0.00,0.00,0.00,#VALUE!,0.82,0.95,0.82,0.05,0.02,0.00,0.00,0.00,0.00,0.00,0.68,-0.06,0.27,0.27,0.85,0.00,0.66,0.36,0.97,0.69,0.00,0.66,,
eps,0.00,0.00,0.00,0.00,0.00,0.01,-0.80,0.00,0.00,0.00,0.00,0.00,0.00,0.00,0.00,0.00,0.00,0.00,0.00,0.00,0.00,0.00,-0.29,0.00,0.00,0.00,0.00,0.00,0.00,1.00,0.98,1.00,0.00,0.00,0.00,0.00,0.00,0.00,0.00,0.38,0.00,0.00,0.00,0.00,0.00,0.00,0.00,0.00,0.00,0.00,0.00,0.00,0.00,0.00,0.00,0.00,0.00,0.00,0.00,0.00,0.00,0.00,0.00,0.00,0.00,0.00,0.00,0.01,0.00,0.00,0.00,0.00,0.00,0.00,0.00,0.00,0.00,#VALUE!,0.00,0.00,-0.41,0.00,#VALUE!,0.00,0.00,0.00,0.00,0.00,0.00,0.00,0.00,0.00,0.00,0.00,0.04,0.00,0.00,0.00,-0.85,0.00,0.00,0.00,0.00,-0.83,0.00,,
epsdil,0.00,0.00,0.00,0.00,0.00,0.01,-0.81,0.00,0.00,0.00,0.00,0.00,0.00,0.00,0.00,0.00,0.00,0.00,0.00,0.00,0.00,0.00,-0.30,0.00,0.00,0.00,0.00,0.01,0.00,0.98,1.00,0.98,0.00,0.00,0.00,0.00,0.00,0.00,0.00,0.38,0.00,0.00,0.00,0.00,0.00,0.00,0.00,0.00,0.00,0.00,0.00,0.00,0.00,0.00,0.00,0.00,0.00,0.00,0.00,0.00,0.00,0.00,0.00,0.00,0.00,0.00,0.00,0.01,0.00,0.00,0.00,0.00,0.00,0.00,0.00,0.00,0.00,#VALUE!,0.00,0.00,-0.42,0.00,#VALUE!,0.00,0.00,0.00,0.00,0.00,0.00,0.00,0.00,0.00,0.00,0.00,0.04,0.00,0.00,0.00,-0.87,0.00,0.00,0.00,0.00,-0.84,0.00,,
epsusd,0.00,0.00,0.00,0.00,0.00,0.01,-0.80,0.00,0.00,0.00,0.00,0.00,0.00,0.00,0.00,0.00,0.00,0.00,0.00,0.00,0.00,0.00,-0.29,0.00,0.00,0.00,0.00,0.00,0.00,1.00,0.98,1.00,0.00,0.00,0.00,0.00,0.00,0.00,0.00,0.38,0.00,0.00,0.00,0.00,0.00,0.00,0.00,0.00,0.00,0.00,0.00,0.00,0.00,0.00,0.00,0.00,0.00,0.00,0.00,0.00,0.00,0.00,0.00,0.00,0.00,0.00,0.00,0.01,0.00,0.00,0.00,0.00,0.00,0.00,0.00,0.00,0.00,#VALUE!,0.00,0.00,-0.41,0.00,#VALUE!,0.00,0.00,0.00,0.00,0.00,0.00,0.00,0.00,0.00,0.00,0.00,0.04,0.00,0.00,0.00,-0.85,0.00,0.00,0.00,0.00,-0.83,0.00,,
equity,-0.05,0.99,0.98,1.00,0.98,0.00,0.00,-0.95,0.99,0.02,0.99,0.69,0.00,0.00,0.88,0.90,0.87,0.01,0.02,0.98,0.01,0.02,0.00,0.82,0.90,0.00,0.10,0.09,0.76,0.00,0.00,0.00,1.00,1.00,0.06,0.05,0.00,0.00,0.68,0.00,0.92,0.96,0.00,0.64,0.68,0.95,0.94,0.96,0.87,0.86,0.84,0.96,0.99,0.92,0.08,0.34,-0.10,0.33,0.77,-0.90,-0.91,-0.95,0.65,0.96,0.60,0.65,0.65,0.07,-0.05,0.90,0.00,0.90,0.88,0.97,0.00,0.00,0.00,#VALUE!,0.97,0.00,0.00,0.00,#VALUE!,0.96,0.97,0.99,0.06,0.06,0.00,0.00,0.00,0.00,0.00,0.94,-0.08,0.36,0.36,0.88,0.00,0.98,0.87,0.89,0.96,0.00,0.89,,
equityavg,-0.05,0.99,0.99,0.99,0.99,0.00,0.00,-0.95,0.98,0.02,0.99,0.65,0.00,0.00,0.90,0.92,0.90,0.01,0.02,0.98,0.01,0.02,0.00,0.78,0.88,0.00,0.10,0.09,0.72,0.00,0.00,0.00,1.00,1.00,0.06,0.05,0.00,0.00,0.65,0.00,0.93,0.94,0.00,0.65,0.72,0.97,0.96,0.96,0.86,0.86,0.83,0.97,0.99,0.94,0.07,0.29,-0.10,0.29,0.78,-0.89,-0.89,-0.95,0.62,0.95,0.64,0.61,0.61,0.07,-0.05,0.92,0.00,0.92,0.85,0.97,0.00,0.00,0.00,#VALUE!,0.98,0.00,0.00,0.00,#VALUE!,0.95,0.97,0.98,0.06,0.07,0.00,0.00,0.00,0.00,0.00,0.94,-0.08,0.36,0.36,0.88,0.00,0.99,0.89,0.86,0.96,0.00,0.88,,
equityusd,-0.03,0.07,0.07,0.10,0.07,-0.06,0.00,-0.04,0.09,0.68,0.04,0.04,-0.01,0.01,0.04,0.06,0.05,0.55,0.39,0.05,0.62,0.02,0.00,0.04,0.05,0.01,0.78,0.72,0.04,0.00,0.00,0.00,0.06,0.06,1.00,0.72,-0.05,0.00,0.05,0.00,0.03,0.06,0.01,0.11,0.02,0.06,0.06,0.05,0.28,0.08,0.09,0.07,0.09,0.05,0.74,0.01,-0.03,-0.01,0.02,-0.04,-0.05,-0.05,0.00,0.05,0.02,0.04,0.04,0.69,-0.03,0.03,0.01,0.09,0.05,0.06,0.02,0.00,0.00,#VALUE!,0.04,0.13,0.00,0.00,#VALUE!,0.08,0.17,0.05,0.71,0.07,0.01,0.00,0.00,0.01,0.16,0.08,-0.01,0.31,0.32,0.40,0.00,0.07,0.03,0.04,0.04,0.00,0.11,,
ev,-0.03,0.06,0.06,0.08,0.06,-0.04,0.00,-0.04,0.07,0.53,0.04,0.05,-0.01,0.02,0.05,0.05,0.04,0.80,0.24,0.04,0.37,0.02,0.00,0.05,0.05,0.01,0.66,0.65,0.05,0.00,0.00,0.00,0.05,0.05,0.72,1.00,-0.25,0.01,0.05,0.00,0.03,0.06,0.01,0.08,0.01,0.06,0.06,0.04,0.28,0.07,0.10,0.07,0.08,0.05,0.74,0.02,-0.04,0.00,0.03,-0.04,-0.05,-0.05,0.00,0.05,0.01,0.05,0.05,0.63,-0.02,0.02,0.01,0.06,0.05,0.05,0.00,0.00,0.00,#VALUE!,0.04,0.21,0.00,0.00,#VALUE!,0.06,0.08,0.05,0.57,0.04,0.01,0.00,0.00,0.01,0.29,0.06,-0.02,0.25,0.25,0.38,0.00,0.06,0.03,0.05,0.04,0.00,0.08,,
evebit,0.00,0.00,0.00,0.00,0.00,0.00,0.00,0.00,0.00,-0.10,0.00,0.00,0.00,-0.01,-0.01,0.00,0.00,-0.33,0.00,0.00,-0.02,0.01,0.00,0.00,0.00,0.00,0.00,0.00,0.00,0.00,0.00,0.00,0.00,0.00,-0.05,-0.25,1.00,0.25,0.00,0.00,0.00,0.00,0.00,0.00,0.00,-0.01,-0.01,0.00,-0.06,0.00,0.00,-0.01,0.00,0.00,-0.01,0.01,0.00,0.00,0.00,0.00,0.00,0.00,0.00,0.00,0.00,0.00,0.00,0.01,0.00,0.00,0.00,0.00,0.00,0.00,-0.01,0.00,0.03,#VALUE!,0.00,0.00,0.00,0.00,#VALUE!,0.00,0.00,0.00,-0.02,0.00,0.00,0.00,0.00,0.00,0.00,0.00,0.02,-0.03,-0.03,-0.01,0.00,0.00,0.00,0.00,0.00,0.00,0.00,,
evebitda,0.00,0.00,0.00,0.00,0.00,0.00,0.00,0.00,0.00,0.00,0.00,0.00,0.00,0.00,0.00,0.00,0.00,0.01,0.00,0.00,0.00,0.01,0.00,0.00,0.00,0.00,0.00,0.00,0.00,0.00,0.00,0.00,0.00,0.00,0.00,0.01,0.25,1.00,0.00,0.00,0.00,0.00,0.00,0.00,0.00,0.00,0.00,0.00,0.00,0.00,0.00,0.00,0.00,0.00,0.00,0.00,0.00,0.00,0.00,0.00,0.00,0.00,0.00,0.00,0.00,0.00,0.00,0.00,0.00,0.00,0.00,0.00,0.00,0.00,0.02,0.01,0.05,#VALUE!,0.00,0.00,0.00,-0.01,#VALUE!,0.00,0.00,0.00,0.00,0.00,0.00,0.00,0.00,0.00,0.00,0.00,0.00,0.00,0.00,0.01,0.00,0.00,0.00,0.00,0.00,0.00,0.00,,
fcf,-0.03,0.62,0.63,0.71,0.60,0.00,0.00,-0.58,0.73,0.02,0.66,0.81,0.00,0.00,0.47,0.46,0.47,0.01,0.02,0.68,0.01,0.00,0.00,0.85,0.85,0.00,0.09,0.09,0.83,0.00,0.00,0.00,0.68,0.65,0.05,0.05,0.00,0.00,1.00,0.00,0.58,0.73,0.00,0.41,0.37,0.56,0.59,0.68,0.74,0.76,0.70,0.57,0.66,0.53,0.07,0.80,-0.12,0.50,0.28,-0.53,-0.68,-0.67,0.36,0.77,-0.10,0.80,0.80,0.08,-0.03,0.48,0.00,0.40,0.80,0.63,0.00,0.00,0.00,#VALUE!,0.59,0.00,0.00,0.00,#VALUE!,0.73,0.87,0.70,0.05,0.04,0.00,0.00,0.00,0.00,0.01,0.62,-0.06,0.26,0.26,0.83,0.00,0.62,0.32,0.83,0.58,0.00,0.77,,
fcfps,0.00,0.00,0.00,0.00,0.00,0.01,-0.84,0.00,0.00,0.00,0.00,0.00,0.00,0.00,0.00,0.00,0.00,0.00,0.00,0.00,0.00,0.00,-1.00,0.00,0.00,0.00,0.00,0.00,0.00,0.38,0.38,0.38,0.00,0.00,0.00,0.00,0.00,0.00,0.00,1.00,0.00,0.00,0.00,0.00,0.00,0.00,0.00,0.00,0.00,0.00,0.00,0.00,0.00,0.00,0.00,0.00,0.00,0.00,0.00,0.00,0.00,0.00,0.00,0.00,0.00,0.00,0.00,0.00,0.00,0.00,0.00,0.00,0.00,0.00,0.00,0.00,0.00,#VALUE!,0.00,0.00,-0.41,0.00,#VALUE!,0.00,0.00,0.00,0.00,0.00,0.00,0.00,0.00,0.00,0.00,0.00,0.03,0.00,0.00,0.00,-0.77,0.00,0.00,0.00,0.00,-0.80,0.00,,
fxusd,-0.02,0.94,0.94,0.92,0.94,0.00,0.00,-0.86,0.90,0.00,0.92,0.50,0.00,0.00,0.90,0.91,0.90,0.01,0.00,0.92,0.00,0.02,0.00,0.65,0.76,0.00,0.06,0.06,0.58,0.00,0.00,0.00,0.92,0.93,0.03,0.03,0.00,0.00,0.58,0.00,1.00,0.84,0.00,0.71,0.78,0.93,0.93,0.94,0.83,0.82,0.80,0.94,0.93,0.92,0.04,0.30,-0.14,0.33,0.70,-0.74,-0.75,-0.87,0.55,0.85,0.60,0.46,0.46,0.04,-0.13,0.90,0.00,0.91,0.71,0.89,0.00,0.00,0.00,#VALUE!,0.93,0.00,0.00,0.00,#VALUE!,0.87,0.40,0.90,0.04,0.04,0.00,0.00,0.00,0.00,0.00,0.92,-0.10,0.32,0.33,0.88,0.00,0.93,0.88,0.74,0.91,0.00,0.81,,
gp,-0.06,0.90,0.89,0.95,0.89,0.00,0.00,-0.96,0.96,0.01,0.96,0.84,0.00,0.00,0.72,0.76,0.71,0.01,0.02,0.90,0.00,0.01,0.00,0.92,0.96,0.00,0.11,0.10,0.89,0.00,0.00,0.00,0.96,0.94,0.06,0.06,0.00,0.00,0.73,0.00,0.84,1.00,0.00,0.64,0.47,0.83,0.82,0.91,0.88,0.74,0.92,0.85,0.96,0.79,0.09,0.45,-0.14,0.46,0.72,-0.91,-0.91,-0.96,0.56,0.98,0.49,0.81,0.81,0.09,-0.06,0.75,0.00,0.83,0.97,0.95,0.00,0.00,0.00,#VALUE!,0.87,0.00,0.00,0.00,#VALUE!,0.98,0.96,0.98,0.07,0.07,0.00,0.00,0.00,0.00,0.00,0.92,-0.08,0.35,0.35,0.88,0.00,0.90,0.72,0.96,0.92,0.00,0.82,,
grossmargin,0.00,0.00,0.00,0.00,0.00,-0.03,0.00,0.00,0.00,0.01,0.00,0.00,0.01,0.01,0.00,0.00,0.00,0.01,0.00,0.00,0.01,0.00,0.00,0.00,0.00,0.26,0.01,0.01,0.00,0.00,0.00,0.00,0.00,0.00,0.01,0.01,0.00,0.00,0.00,0.00,0.00,0.00,1.00,0.00,0.00,0.00,0.00,0.00,0.00,0.00,0.00,0.00,0.00,0.00,0.01,0.00,0.00,0.00,0.00,0.00,0.00,0.00,0.00,0.00,0.00,0.00,0.00,0.01,0.00,0.00,0.30,0.00,0.00,0.00,0.00,0.00,0.00,#VALUE!,0.00,0.00,0.00,-0.01,#VALUE!,0.00,0.00,0.00,-0.01,0.00,0.03,-0.01,0.01,0.27,0.00,0.00,0.00,0.01,0.01,0.01,0.00,0.00,0.00,0.00,0.00,0.00,0.00,,
intangibles,-0.11,0.62,0.63,0.66,0.61,0.00,0.00,-0.55,0.58,0.04,0.66,0.40,0.00,0.00,0.54,0.63,0.53,0.03,0.02,0.56,0.03,0.01,0.00,0.47,0.52,0.00,0.13,0.11,0.43,0.00,0.00,0.00,0.64,0.65,0.11,0.08,0.00,0.00,0.41,0.00,0.71,0.64,0.00,1.00,0.44,0.57,0.58,0.75,0.68,0.51,0.74,0.59,0.67,0.55,0.11,0.19,-0.43,0.31,0.58,-0.50,-0.50,-0.57,0.35,0.56,0.33,0.38,0.38,0.09,-0.33,0.49,0.00,0.75,0.52,0.69,0.00,0.00,0.00,#VALUE!,0.56,0.01,0.00,0.00,#VALUE!,0.72,0.71,0.66,0.10,0.17,0.00,0.00,0.00,0.00,0.03,0.83,-0.09,0.26,0.26,0.78,0.00,0.60,0.53,0.50,0.59,0.00,0.54,,
intexp,0.00,0.78,0.81,0.70,0.80,0.00,0.00,-0.55,0.66,0.00,0.67,0.03,0.00,0.00,0.93,0.87,0.94,0.01,0.00,0.78,0.00,0.01,0.00,0.23,0.39,0.00,0.02,0.01,0.12,0.00,0.00,0.00,0.68,0.72,0.02,0.01,0.00,0.00,0.37,0.00,0.78,0.47,0.00,0.44,1.00,0.86,0.88,0.71,0.57,0.79,0.43,0.85,0.68,0.90,0.01,0.08,-0.03,0.02,0.49,-0.39,-0.44,-0.60,0.38,0.55,0.57,-0.02,-0.02,0.00,-0.06,0.88,0.00,0.73,0.29,0.61,0.00,0.00,0.00,#VALUE!,0.81,0.00,0.00,0.00,#VALUE!,0.55,0.36,0.60,0.02,0.00,0.00,0.00,0.00,0.00,0.00,0.64,-0.06,0.24,0.24,0.44,0.00,0.79,0.86,0.35,0.68,0.00,0.69,,
invcap,-0.02,0.99,0.99,0.95,0.99,-0.01,0.00,-0.88,0.94,0.04,0.94,0.47,0.00,0.00,0.98,0.97,0.98,0.04,0.00,0.98,0.03,0.02,0.00,0.64,0.76,0.00,0.07,0.07,0.55,0.00,0.00,0.00,0.95,0.97,0.06,0.06,-0.01,0.00,0.56,0.00,0.93,0.83,0.00,0.57,0.86,1.00,1.00,0.93,0.82,0.89,0.73,1.00,0.95,1.00,0.06,0.22,-0.06,0.21,0.75,-0.79,-0.79,-0.89,0.62,0.87,0.67,0.42,0.42,0.05,-0.04,0.98,0.00,0.90,0.71,0.90,0.00,0.00,0.00,#VALUE!,0.99,0.00,0.00,0.00,#VALUE!,0.86,0.76,0.91,0.05,0.02,0.00,0.00,0.00,0.00,0.00,0.88,-0.08,0.34,0.34,0.87,0.00,0.99,0.96,0.74,0.94,0.00,0.86,,
invcapavg,-0.02,0.98,0.99,0.95,0.99,-0.01,0.00,-0.86,0.93,0.04,0.93,0.46,0.00,0.00,0.99,0.97,0.98,0.04,0.00,0.98,0.03,0.02,0.00,0.63,0.76,0.00,0.07,0.07,0.54,0.00,0.00,0.00,0.94,0.96,0.06,0.06,-0.01,0.00,0.59,0.00,0.93,0.82,0.00,0.58,0.88,1.00,1.00,0.93,0.82,0.90,0.72,1.00,0.94,1.00,0.06,0.25,-0.06,0.20,0.73,-0.76,-0.78,-0.88,0.60,0.86,0.64,0.41,0.41,0.05,-0.04,0.98,0.00,0.89,0.69,0.89,0.00,0.00,0.00,#VALUE!,0.99,0.01,0.00,0.00,#VALUE!,0.85,0.76,0.90,0.05,0.02,0.00,0.00,0.00,0.00,0.00,0.87,-0.08,0.34,0.34,0.87,0.00,0.98,0.95,0.73,0.93,0.00,0.87,,
inventory,-0.11,0.96,0.96,0.98,0.95,0.00,0.00,-0.88,0.95,0.01,0.97,0.64,0.00,0.00,0.87,0.91,0.87,0.01,0.00,0.93,0.00,0.01,0.00,0.77,0.86,0.00,0.08,0.08,0.71,0.00,0.00,0.00,0.96,0.96,0.05,0.04,0.00,0.00,0.68,0.00,0.94,0.91,0.00,0.75,0.71,0.93,0.93,1.00,0.89,0.86,0.87,0.94,0.97,0.91,0.06,0.38,-0.19,0.36,0.75,-0.82,-0.83,-0.90,0.62,0.91,0.52,0.61,0.61,0.06,-0.16,0.87,0.00,0.90,0.82,0.95,0.00,0.00,0.00,#VALUE!,0.93,0.00,0.00,0.00,#VALUE!,0.94,0.68,0.96,0.07,0.16,0.00,0.00,0.00,0.00,0.00,0.97,-0.09,0.34,0.34,0.88,0.00,0.95,0.84,0.84,0.93,0.00,0.87,,
investments,-0.03,0.86,0.86,0.95,0.90,-0.02,0.00,-0.82,0.89,0.33,0.88,0.70,0.00,0.01,0.74,0.81,0.78,0.32,0.03,0.84,0.31,0.01,0.00,0.80,0.85,0.00,0.17,0.17,0.75,0.00,0.00,0.00,0.87,0.86,0.28,0.28,-0.06,0.00,0.74,0.00,0.83,0.88,0.00,0.68,0.57,0.82,0.82,0.89,1.00,0.83,0.95,0.84,0.95,0.83,0.16,0.48,-0.14,0.42,0.61,-0.73,-0.76,-0.86,0.45,0.88,0.37,0.68,0.68,0.15,-0.16,0.72,0.00,0.77,0.83,0.88,0.00,0.00,0.00,#VALUE!,0.82,0.05,0.00,0.00,#VALUE!,0.89,0.41,0.89,0.14,0.01,0.00,0.00,0.00,0.00,0.02,0.87,-0.08,0.36,0.36,0.89,0.00,0.86,0.68,0.83,0.83,0.00,0.83,,
investmentsc,-0.02,0.88,0.89,0.88,0.88,-0.01,0.00,-0.69,0.87,0.07,0.83,0.54,0.00,0.00,0.87,0.86,0.87,0.07,0.03,0.88,0.01,0.02,0.00,0.68,0.77,0.00,0.09,0.08,0.60,0.00,0.00,0.00,0.86,0.86,0.08,0.07,0.00,0.00,0.76,0.00,0.82,0.74,0.00,0.51,0.79,0.89,0.90,0.86,0.83,1.00,0.62,0.88,0.84,0.88,0.07,0.39,-0.03,0.12,0.60,-0.68,-0.76,-0.74,0.68,0.78,0.31,0.50,0.50,0.07,-0.04,0.87,0.00,0.68,0.68,0.80,0.00,0.00,0.00,#VALUE!,0.88,0.00,0.00,0.00,#VALUE!,0.79,0.68,0.80,0.06,0.02,0.00,0.00,0.00,0.00,0.01,0.75,-0.06,0.31,0.31,0.86,0.00,0.88,0.76,0.75,0.78,0.00,0.91,,
investmentsnc,-0.02,0.80,0.79,0.85,0.78,0.00,0.00,-0.86,0.84,0.05,0.88,0.77,0.00,0.00,0.63,0.66,0.63,0.06,0.00,0.80,0.01,0.02,0.00,0.83,0.87,0.00,0.11,0.11,0.80,0.00,0.00,0.00,0.84,0.83,0.09,0.10,0.00,0.00,0.70,0.00,0.80,0.92,0.00,0.74,0.43,0.73,0.72,0.87,0.95,0.62,1.00,0.75,0.88,0.69,0.10,0.51,-0.19,0.57,0.61,-0.72,-0.73,-0.89,0.32,0.90,0.39,0.75,0.75,0.10,-0.22,0.62,0.00,0.79,0.87,0.89,0.00,0.00,0.00,#VALUE!,0.75,0.00,0.00,0.00,#VALUE!,0.91,0.58,0.91,0.07,0.01,0.00,0.00,0.00,0.00,0.02,0.90,-0.08,0.31,0.31,0.87,0.00,0.80,0.61,0.85,0.83,0.00,0.67,,
liabilities,-0.02,0.99,0.99,0.96,1.00,-0.01,0.00,-0.89,0.94,0.06,0.95,0.49,0.00,0.00,0.98,0.97,0.98,0.06,0.01,0.98,0.05,0.02,0.00,0.65,0.78,0.00,0.08,0.07,0.57,0.00,0.00,0.00,0.96,0.97,0.07,0.07,-0.01,0.00,0.57,0.00,0.94,0.85,0.00,0.59,0.85,1.00,1.00,0.94,0.84,0.88,0.75,1.00,0.96,0.99,0.06,0.24,-0.08,0.23,0.76,-0.79,-0.79,-0.90,0.61,0.88,0.67,0.44,0.44,0.05,-0.05,0.98,0.00,0.91,0.72,0.92,0.00,0.00,0.00,#VALUE!,0.99,0.01,0.00,0.00,#VALUE!,0.87,0.60,0.92,0.06,0.02,0.00,0.00,0.00,0.00,0.00,0.89,-0.08,0.35,0.35,0.88,0.00,0.99,0.95,0.76,0.95,0.00,0.85,,
liabilitiesc,-0.04,0.98,0.98,0.99,0.98,-0.01,0.00,-0.96,0.98,0.07,0.99,0.69,0.00,0.00,0.88,0.91,0.87,0.07,0.02,0.97,0.00,0.02,0.00,0.82,0.90,0.00,0.10,0.09,0.76,0.00,0.00,0.00,0.99,0.99,0.09,0.08,0.00,0.00,0.66,0.00,0.93,0.96,0.00,0.67,0.68,0.95,0.94,0.97,0.95,0.84,0.88,0.96,1.00,0.92,0.08,0.34,-0.14,0.35,0.80,-0.89,-0.88,-0.96,0.61,0.96,0.59,0.65,0.65,0.08,-0.07,0.89,0.00,0.90,0.87,0.99,0.00,0.00,0.00,#VALUE!,0.96,0.00,0.00,0.00,#VALUE!,0.96,0.75,0.99,0.07,0.05,0.00,0.00,0.00,0.00,0.00,0.95,-0.09,0.37,0.37,0.93,0.00,0.98,0.86,0.89,0.96,0.00,0.85,,
liabilitiesnc,-0.01,0.97,0.98,0.93,0.98,-0.01,0.00,-0.85,0.91,0.03,0.91,0.40,0.00,0.00,0.99,0.98,0.99,0.07,0.00,0.96,0.00,0.02,0.00,0.58,0.71,0.00,0.06,0.05,0.49,0.00,0.00,0.00,0.92,0.94,0.05,0.05,0.00,0.00,0.53,0.00,0.92,0.79,0.00,0.55,0.90,1.00,1.00,0.91,0.83,0.88,0.69,0.99,0.92,1.00,0.04,0.19,-0.06,0.18,0.73,-0.74,-0.75,-0.86,0.60,0.83,0.68,0.35,0.35,0.03,-0.04,0.99,0.00,0.89,0.65,0.87,0.00,0.00,0.00,#VALUE!,0.99,0.00,0.00,0.00,#VALUE!,0.81,0.57,0.87,0.04,0.01,0.00,0.00,0.00,0.00,0.00,0.85,-0.07,0.33,0.33,0.88,0.00,0.98,0.97,0.69,0.92,0.00,0.83,,
marketcap,-0.02,0.07,0.07,0.08,0.06,-0.02,0.00,-0.06,0.09,0.33,0.06,0.07,-0.01,0.00,0.04,0.04,0.04,0.26,0.41,0.06,0.22,0.01,0.00,0.07,0.08,0.01,0.89,0.88,0.07,0.00,0.00,0.00,0.08,0.07,0.74,0.74,-0.01,0.00,0.07,0.00,0.04,0.09,0.01,0.11,0.01,0.06,0.06,0.06,0.16,0.07,0.10,0.06,0.08,0.04,1.00,0.04,-0.04,0.00,0.04,-0.06,-0.06,-0.07,0.00,0.07,0.02,0.07,0.07,0.87,-0.02,0.03,0.01,0.08,0.08,0.08,0.02,0.00,0.00,#VALUE!,0.05,0.15,0.00,0.00,#VALUE!,0.09,0.12,0.07,0.73,0.08,0.01,0.01,0.00,0.01,0.43,0.08,0.03,0.25,0.25,0.37,0.00,0.07,0.03,0.07,0.06,0.00,0.08,,
ncf,0.02,0.28,0.27,0.38,0.26,0.00,0.00,-0.29,0.41,0.01,0.33,0.64,0.00,0.00,0.15,0.12,0.15,0.00,0.00,0.35,0.01,-0.01,0.00,0.63,0.58,0.00,0.05,0.05,0.63,0.00,0.00,0.00,0.34,0.29,0.01,0.02,0.01,0.00,0.80,0.00,0.30,0.45,0.00,0.19,0.08,0.22,0.25,0.38,0.48,0.39,0.51,0.24,0.34,0.19,0.04,1.00,-0.14,0.70,-0.05,-0.17,-0.30,-0.38,0.22,0.48,-0.40,0.64,0.64,0.05,-0.01,0.16,0.00,0.11,0.55,0.27,0.00,0.00,0.00,#VALUE!,0.24,0.00,0.00,0.00,#VALUE!,0.43,-0.07,0.38,0.02,-0.02,0.00,0.00,0.00,0.00,0.01,0.30,-0.03,0.14,0.14,0.40,0.00,0.28,0.06,0.57,0.35,0.00,0.46,,
ncfbus,0.13,-0.09,-0.09,-0.12,-0.08,0.00,0.00,0.09,-0.10,0.00,-0.13,-0.11,0.00,0.00,-0.06,-0.14,-0.05,-0.01,0.00,-0.07,0.00,0.00,0.00,-0.11,-0.10,0.00,-0.03,-0.03,-0.11,0.00,0.00,0.00,-0.10,-0.10,-0.03,-0.04,0.00,0.00,-0.12,0.00,-0.14,-0.14,0.00,-0.43,-0.03,-0.06,-0.06,-0.19,-0.14,-0.03,-0.19,-0.08,-0.14,-0.06,-0.04,-0.14,1.00,-0.34,-0.41,0.05,-0.04,0.15,-0.01,-0.11,0.01,-0.11,-0.11,-0.03,0.02,-0.03,0.00,-0.18,-0.11,-0.13,0.00,0.00,0.00,#VALUE!,-0.06,0.00,0.00,0.00,#VALUE!,-0.17,-0.26,-0.13,-0.04,-0.26,0.00,0.00,0.00,0.00,-0.02,-0.22,0.03,-0.05,-0.05,-0.44,0.00,-0.08,-0.04,-0.10,-0.10,0.00,-0.05,,
ncfcommon,0.04,0.28,0.25,0.33,0.26,0.00,0.00,-0.42,0.35,0.00,0.37,0.52,0.00,0.00,0.13,0.17,0.12,0.00,-0.01,0.31,0.00,0.00,0.00,0.52,0.49,0.00,0.01,0.01,0.52,0.00,0.00,0.00,0.33,0.29,-0.01,0.00,0.00,0.00,0.50,0.00,0.33,0.46,0.00,0.31,0.02,0.21,0.20,0.36,0.42,0.12,0.57,0.23,0.35,0.18,0.00,0.70,-0.34,1.00,0.10,-0.25,-0.29,-0.46,0.06,0.48,0.00,0.53,0.53,0.01,-0.03,0.15,0.00,0.27,0.50,0.28,0.00,0.00,0.00,#VALUE!,0.23,0.00,0.00,0.00,#VALUE!,0.39,-0.14,0.41,0.00,-0.07,0.00,0.00,0.00,0.00,0.00,0.39,-0.04,0.13,0.13,0.43,0.00,0.27,0.14,0.49,0.43,0.00,0.21,,
ncfdebt,-0.01,0.77,0.77,0.76,0.77,0.00,0.00,-0.77,0.74,-0.01,0.79,0.47,0.00,0.00,0.70,0.80,0.69,0.00,0.00,0.71,-0.01,0.02,0.00,0.56,0.63,0.00,0.05,0.05,0.52,0.00,0.00,0.00,0.77,0.78,0.02,0.03,0.00,0.00,0.28,0.00,0.70,0.72,0.00,0.58,0.49,0.75,0.73,0.75,0.61,0.60,0.61,0.76,0.80,0.73,0.04,-0.05,-0.41,0.10,1.00,-0.81,-0.68,-0.73,0.59,0.70,0.66,0.43,0.43,0.03,0.03,0.72,0.00,0.73,0.63,0.82,0.00,0.00,0.00,#VALUE!,0.77,0.00,0.00,0.00,#VALUE!,0.72,0.14,0.77,0.03,0.01,0.00,0.00,0.00,0.00,0.00,0.73,-0.07,0.26,0.26,0.74,0.00,0.77,0.73,0.64,0.75,0.00,0.53,,
ncfdiv,0.01,-0.85,-0.83,-0.87,-0.84,0.00,0.00,0.92,-0.89,-0.01,-0.90,-0.76,0.00,0.00,-0.67,-0.75,-0.66,-0.01,0.00,-0.82,0.00,-0.02,0.00,-0.84,-0.87,0.00,-0.08,-0.07,-0.81,0.00,0.00,0.00,-0.90,-0.89,-0.04,-0.04,0.00,0.00,-0.53,0.00,-0.74,-0.91,0.00,-0.50,-0.39,-0.79,-0.76,-0.82,-0.73,-0.68,-0.72,-0.79,-0.89,-0.74,-0.06,-0.17,0.05,-0.25,-0.81,1.00,0.96,0.85,-0.69,-0.89,-0.60,-0.74,-0.74,-0.06,0.00,-0.74,0.00,-0.74,-0.89,-0.90,0.00,0.00,0.00,#VALUE!,-0.84,0.00,0.00,0.00,#VALUE!,-0.85,-0.97,-0.91,-0.04,-0.02,0.00,0.00,0.00,0.00,0.00,-0.81,0.07,-0.31,-0.31,-0.84,0.00,-0.85,-0.70,-0.89,-0.86,0.00,-0.70,,
ncff,0.03,-0.85,-0.84,-0.88,-0.84,0.00,0.00,0.88,-0.90,-0.01,-0.89,-0.79,0.00,0.00,-0.68,-0.74,-0.67,-0.01,-0.01,-0.84,0.00,-0.02,0.00,-0.87,-0.91,0.00,-0.09,-0.08,-0.84,0.00,0.00,0.00,-0.91,-0.89,-0.05,-0.05,0.00,0.00,-0.68,0.00,-0.75,-0.91,0.00,-0.50,-0.44,-0.79,-0.78,-0.83,-0.76,-0.76,-0.73,-0.79,-0.88,-0.75,-0.06,-0.30,-0.04,-0.29,-0.68,0.96,1.00,0.84,-0.68,-0.91,-0.50,-0.76,-0.76,-0.07,0.05,-0.74,0.00,-0.72,-0.90,-0.87,-0.01,0.00,0.00,#VALUE!,-0.84,0.00,0.00,0.00,#VALUE!,-0.86,-0.53,-0.91,-0.05,-0.03,0.00,0.00,0.00,0.00,0.01,-0.82,0.07,-0.31,-0.32,-0.85,0.00,-0.85,-0.67,-0.92,-0.85,0.00,-0.80,,
ncfi,0.02,-0.94,-0.93,-0.95,-0.93,0.00,0.00,0.98,-0.96,-0.01,-0.96,-0.72,0.00,0.00,-0.81,-0.81,-0.81,-0.01,-0.01,-0.95,0.00,-0.02,0.00,-0.83,-0.91,0.00,-0.09,-0.08,-0.78,0.00,0.00,0.00,-0.95,-0.95,-0.05,-0.05,0.00,0.00,-0.67,0.00,-0.87,-0.96,0.00,-0.57,-0.60,-0.89,-0.88,-0.90,-0.86,-0.74,-0.89,-0.90,-0.96,-0.86,-0.07,-0.38,0.15,-0.46,-0.73,0.85,0.84,1.00,-0.45,-0.98,-0.61,-0.69,-0.69,-0.07,0.00,-0.83,0.00,-0.86,-0.89,-0.94,0.00,0.00,0.00,#VALUE!,-0.92,0.00,0.00,0.00,#VALUE!,-0.93,-0.76,-0.97,-0.05,-0.03,0.00,0.00,0.00,0.00,0.00,-0.90,0.08,-0.35,-0.35,-0.87,0.00,-0.94,-0.80,-0.89,-0.94,0.00,-0.78,,
ncfinv,-0.01,0.63,0.62,0.63,0.63,0.00,0.00,-0.53,0.63,-0.01,0.60,0.45,0.00,0.00,0.57,0.66,0.56,0.00,-0.02,0.57,-0.01,0.01,0.00,0.53,0.57,0.00,0.02,0.02,0.49,0.00,0.00,0.00,0.65,0.62,0.00,0.00,0.00,0.00,0.36,0.00,0.55,0.56,0.00,0.35,0.38,0.62,0.60,0.62,0.45,0.68,0.32,0.61,0.61,0.60,0.00,0.22,-0.01,0.06,0.59,-0.69,-0.68,-0.45,1.00,0.53,0.25,0.42,0.42,0.01,0.04,0.66,0.00,0.47,0.54,0.58,0.00,0.00,0.00,#VALUE!,0.64,0.00,0.00,0.00,#VALUE!,0.55,0.02,0.59,0.01,0.01,0.00,0.00,0.00,0.00,-0.02,0.51,-0.05,0.20,0.20,0.45,0.00,0.63,0.61,0.60,0.64,0.00,0.63,,
ncfo,-0.02,0.93,0.91,0.96,0.91,0.00,0.00,-0.97,0.97,0.01,0.96,0.82,0.00,0.00,0.77,0.78,0.76,0.01,0.01,0.94,0.00,0.01,0.00,0.91,0.97,0.00,0.10,0.09,0.87,0.00,0.00,0.00,0.96,0.95,0.05,0.05,0.00,0.00,0.77,0.00,0.85,0.98,0.00,0.56,0.55,0.87,0.86,0.91,0.88,0.78,0.90,0.88,0.96,0.83,0.07,0.48,-0.11,0.48,0.70,-0.89,-0.91,-0.98,0.53,1.00,0.51,0.79,0.79,0.08,-0.02,0.80,0.00,0.81,0.95,0.94,0.00,0.00,0.00,#VALUE!,0.90,0.00,0.00,0.00,#VALUE!,0.95,0.95,0.98,0.05,0.03,0.00,0.00,0.00,0.00,0.00,0.89,-0.08,0.35,0.35,0.88,0.00,0.93,0.74,0.96,0.93,0.00,0.83,,
ncfx,0.00,0.65,0.64,0.55,0.66,0.00,0.00,-0.69,0.53,0.00,0.61,0.03,0.00,0.00,0.68,0.69,0.67,0.00,0.00,0.61,0.00,0.02,0.00,0.17,0.30,0.00,0.02,0.01,0.11,0.00,0.00,0.00,0.60,0.64,0.02,0.01,0.00,0.00,-0.10,0.00,0.60,0.49,0.00,0.33,0.57,0.67,0.64,0.52,0.37,0.31,0.39,0.67,0.59,0.68,0.02,-0.40,0.01,0.00,0.66,-0.60,-0.50,-0.61,0.25,0.51,1.00,0.00,0.00,0.00,-0.01,0.69,0.00,0.77,0.31,0.58,0.00,0.00,0.00,#VALUE!,0.67,0.00,0.00,0.00,#VALUE!,0.46,0.22,0.57,0.02,0.02,0.00,0.00,0.00,0.00,0.00,0.59,-0.04,0.20,0.20,0.56,0.00,0.65,0.78,0.30,0.66,0.00,0.33,,
netinc,-0.02,0.54,0.52,0.65,0.51,0.00,0.00,-0.68,0.70,0.01,0.66,1.00,0.00,0.00,0.26,0.32,0.25,0.00,0.01,0.55,0.00,0.01,0.00,0.97,0.91,0.00,0.09,0.10,0.99,0.00,0.00,0.00,0.65,0.61,0.04,0.05,0.00,0.00,0.80,0.00,0.46,0.81,0.00,0.38,-0.02,0.42,0.41,0.61,0.68,0.50,0.75,0.44,0.65,0.35,0.07,0.64,-0.11,0.53,0.43,-0.74,-0.76,-0.69,0.42,0.79,0.00,1.00,1.00,0.09,-0.01,0.31,0.00,0.36,0.93,0.68,0.00,0.00,0.00,#VALUE!,0.49,0.00,0.00,0.00,#VALUE!,0.74,0.95,0.73,0.05,0.02,0.00,0.00,0.00,0.00,0.00,0.59,-0.05,0.24,0.24,0.84,0.00,0.54,0.21,0.92,0.58,0.00,0.57,,
netinccmn,-0.02,0.54,0.52,0.65,0.51,0.00,0.00,-0.68,0.70,0.01,0.66,1.00,0.00,0.00,0.26,0.32,0.25,0.00,0.01,0.55,0.00,0.01,0.00,0.97,0.91,0.00,0.09,0.10,0.99,0.00,0.00,0.00,0.65,0.61,0.04,0.05,0.00,0.00,0.80,0.00,0.46,0.81,0.00,0.38,-0.02,0.42,0.41,0.61,0.68,0.50,0.75,0.44,0.65,0.35,0.07,0.64,-0.11,0.53,0.43,-0.74,-0.76,-0.69,0.42,0.79,0.00,1.00,1.00,0.09,-0.01,0.31,0.00,0.36,0.93,0.68,0.00,0.00,0.00,#VALUE!,0.49,0.00,0.00,0.00,#VALUE!,0.74,0.95,0.73,0.05,0.02,0.00,0.00,0.00,0.00,0.00,0.59,-0.05,0.24,0.24,0.84,0.00,0.54,0.21,0.92,0.58,0.00,0.57,,
netinccmnusd,-0.02,0.06,0.06,0.08,0.06,-0.01,0.00,-0.06,0.09,0.29,0.06,0.09,0.00,0.00,0.03,0.03,0.02,0.21,0.42,0.06,0.20,0.01,0.00,0.08,0.08,0.01,0.94,0.98,0.09,0.01,0.01,0.01,0.07,0.07,0.69,0.63,0.01,0.00,0.08,0.00,0.04,0.09,0.01,0.09,0.00,0.05,0.05,0.06,0.15,0.07,0.10,0.05,0.08,0.03,0.87,0.05,-0.03,0.01,0.03,-0.06,-0.07,-0.07,0.01,0.08,0.00,0.09,0.09,1.00,-0.04,0.02,0.01,0.07,0.09,0.07,0.01,0.00,0.00,#VALUE!,0.05,0.04,-0.01,0.00,#VALUE!,0.09,0.12,0.07,0.69,0.06,0.01,0.01,0.00,0.01,0.30,0.08,0.01,0.23,0.23,0.35,0.00,0.06,0.02,0.08,0.05,0.00,0.08,,
netincdis,0.00,-0.05,-0.05,-0.06,-0.05,0.00,0.00,0.01,-0.02,0.00,-0.10,-0.01,0.00,0.00,-0.04,-0.07,-0.04,-0.01,0.00,0.00,0.00,0.00,0.00,-0.01,-0.01,0.00,-0.03,-0.02,-0.01,0.00,0.00,0.00,-0.05,-0.05,-0.03,-0.02,0.00,0.00,-0.03,0.00,-0.13,-0.06,0.00,-0.33,-0.06,-0.04,-0.04,-0.16,-0.16,-0.04,-0.22,-0.05,-0.07,-0.04,-0.02,-0.01,0.02,-0.03,0.03,0.00,0.05,0.00,0.04,-0.02,-0.01,-0.01,-0.01,-0.04,1.00,0.00,0.00,-0.15,-0.02,-0.11,0.00,0.00,0.00,#VALUE!,-0.02,-0.01,0.00,0.00,#VALUE!,-0.08,-0.19,-0.09,-0.02,0.00,0.00,0.00,0.00,0.00,-0.01,-0.20,0.03,-0.01,-0.01,-0.02,0.00,-0.04,-0.04,0.00,-0.05,0.00,0.00,,
netincnci,-0.01,0.96,0.96,0.90,0.97,0.00,0.00,-0.83,0.88,0.00,0.88,0.36,0.00,0.00,0.99,0.97,0.98,0.01,0.00,0.94,0.00,0.02,0.00,0.54,0.68,0.00,0.05,0.04,0.45,0.00,0.00,0.00,0.90,0.92,0.03,0.02,0.00,0.00,0.48,0.00,0.90,0.75,0.00,0.49,0.88,0.98,0.98,0.87,0.72,0.87,0.62,0.98,0.89,0.99,0.03,0.16,-0.03,0.15,0.72,-0.74,-0.74,-0.83,0.66,0.80,0.69,0.31,0.31,0.02,0.00,1.00,0.00,0.86,0.61,0.83,0.00,0.00,0.00,#VALUE!,0.97,0.00,0.00,0.00,#VALUE!,0.77,0.13,0.84,0.03,0.01,0.00,0.00,0.00,0.00,0.00,0.81,-0.07,0.32,0.32,0.80,0.00,0.96,0.97,0.66,0.91,0.00,0.82,,
netmargin,0.00,0.00,0.00,0.00,0.00,0.04,0.00,0.00,0.00,0.01,0.00,0.00,0.00,0.01,0.00,0.00,0.00,0.01,0.00,0.00,0.00,0.01,0.00,0.00,0.00,1.00,0.01,0.01,0.00,0.00,0.00,0.00,0.00,0.00,0.01,0.01,0.00,0.00,0.00,0.00,0.00,0.00,0.30,0.00,0.00,0.00,0.00,0.00,0.00,0.00,0.00,0.00,0.00,0.00,0.01,0.00,0.00,0.00,0.00,0.00,0.00,0.00,0.00,0.00,0.00,0.00,0.00,0.01,0.00,0.00,1.00,0.00,0.00,0.00,0.00,0.13,0.01,#VALUE!,0.00,0.00,0.00,-0.45,#VALUE!,0.00,0.00,0.00,0.01,0.00,0.10,0.00,0.02,1.00,0.00,0.00,0.00,0.00,0.00,0.00,0.00,0.00,0.00,0.00,0.00,0.00,0.00,,
opex,-0.13,0.91,0.91,0.89,0.91,0.00,0.00,-0.87,0.85,0.02,0.89,0.40,0.00,0.00,0.87,0.89,0.87,0.02,0.04,0.89,0.01,0.02,0.00,0.55,0.67,0.00,0.11,0.09,0.48,0.00,0.00,0.00,0.90,0.92,0.09,0.06,0.00,0.00,0.40,0.00,0.91,0.83,0.00,0.75,0.73,0.90,0.89,0.90,0.77,0.68,0.79,0.91,0.90,0.89,0.08,0.11,-0.18,0.27,0.73,-0.74,-0.72,-0.86,0.47,0.81,0.77,0.36,0.36,0.07,-0.15,0.86,0.00,1.00,0.65,0.87,0.00,0.00,0.00,#VALUE!,0.89,0.00,0.00,0.00,#VALUE!,0.86,0.91,0.88,0.08,0.17,0.00,0.00,0.00,0.00,0.00,0.95,-0.09,0.35,0.35,0.85,0.00,0.91,0.91,0.65,0.90,0.00,0.75,,
opinc,-0.02,0.80,0.78,0.87,0.77,0.00,0.00,-0.89,0.90,0.01,0.87,0.95,0.00,0.00,0.56,0.61,0.56,0.01,0.00,0.81,0.00,0.01,0.00,0.99,0.99,0.00,0.10,0.10,0.97,0.00,0.00,0.00,0.88,0.85,0.05,0.05,0.00,0.00,0.80,0.00,0.71,0.97,0.00,0.52,0.29,0.71,0.69,0.82,0.83,0.68,0.87,0.72,0.87,0.65,0.08,0.55,-0.11,0.50,0.63,-0.89,-0.90,-0.89,0.54,0.95,0.31,0.93,0.93,0.09,-0.02,0.61,0.00,0.65,1.00,0.88,0.00,0.00,0.00,#VALUE!,0.76,0.00,0.00,0.00,#VALUE!,0.92,0.90,0.92,0.05,0.02,0.00,0.00,0.00,0.00,0.00,0.81,-0.07,0.31,0.31,0.87,0.00,0.79,0.54,0.99,0.82,0.00,0.75,,
payables,-0.03,0.95,0.94,0.97,0.94,0.00,0.00,-0.94,0.96,0.01,0.98,0.71,0.00,0.00,0.83,0.87,0.82,0.01,0.02,0.92,0.00,0.02,0.00,0.82,0.89,0.00,0.10,0.09,0.77,0.00,0.00,0.00,0.97,0.97,0.06,0.05,0.00,0.00,0.63,0.00,0.89,0.95,0.00,0.69,0.61,0.90,0.89,0.95,0.88,0.80,0.89,0.92,0.99,0.87,0.08,0.27,-0.13,0.28,0.82,-0.90,-0.87,-0.94,0.58,0.94,0.58,0.68,0.68,0.07,-0.11,0.83,0.00,0.87,0.88,1.00,0.00,0.00,0.00,#VALUE!,0.93,0.00,0.00,0.00,#VALUE!,0.95,0.70,0.98,0.07,0.04,0.00,0.00,0.00,0.00,0.00,0.94,-0.09,0.36,0.36,0.86,0.00,0.95,0.81,0.88,0.92,0.00,0.79,,
payoutratio,0.00,0.00,0.00,0.00,0.00,0.00,0.00,0.00,0.00,0.01,0.00,0.00,-0.01,0.00,0.00,0.00,0.00,0.00,0.00,0.00,0.00,0.21,0.00,0.00,0.00,0.00,0.02,0.01,0.00,0.00,0.00,0.00,0.00,0.00,0.02,0.00,-0.01,0.02,0.00,0.00,0.00,0.00,0.00,0.00,0.00,0.00,0.00,0.00,0.00,0.00,0.00,0.00,0.00,0.00,0.02,0.00,0.00,0.00,0.00,0.00,-0.01,0.00,0.00,0.00,0.00,0.00,0.00,0.01,0.00,0.00,0.00,0.00,0.00,0.00,1.00,0.00,0.41,#VALUE!,0.00,0.00,0.00,0.00,#VALUE!,0.00,0.01,0.00,0.03,0.00,0.00,0.00,0.00,0.00,0.00,0.00,-0.01,0.03,0.02,0.01,0.00,0.00,0.00,0.00,0.00,0.00,0.00,,
pb,0.00,0.00,0.00,0.00,0.00,-0.01,0.00,0.00,0.00,0.00,0.00,0.00,0.00,0.24,0.00,0.00,0.00,0.00,0.00,0.00,0.00,0.00,0.00,0.00,0.00,0.13,0.00,0.00,0.00,0.00,0.00,0.00,0.00,0.00,0.00,0.00,0.00,0.01,0.00,0.00,0.00,0.00,0.00,0.00,0.00,0.00,0.00,0.00,0.00,0.00,0.00,0.00,0.00,0.00,0.00,0.00,0.00,0.00,0.00,0.00,0.00,0.00,0.00,0.00,0.00,0.00,0.00,0.00,0.00,0.00,0.13,0.00,0.00,0.00,0.00,1.00,0.01,#VALUE!,0.00,0.00,0.00,-0.26,#VALUE!,0.00,0.00,0.00,0.00,0.00,0.03,0.02,0.03,0.13,0.00,0.00,0.00,0.00,0.00,0.00,0.00,0.00,0.00,0.00,0.00,0.00,0.00,,
pe,0.00,0.00,0.00,0.00,0.00,0.01,0.00,0.00,0.00,0.00,0.00,0.00,0.00,0.00,0.00,0.00,0.00,0.00,0.00,0.00,0.00,0.00,0.00,0.00,0.00,0.01,0.00,0.00,0.00,0.00,0.00,0.00,0.00,0.00,0.00,0.00,0.03,0.05,0.00,0.00,0.00,0.00,0.00,0.00,0.00,0.00,0.00,0.00,0.00,0.00,0.00,0.00,0.00,0.00,0.00,0.00,0.00,0.00,0.00,0.00,0.00,0.00,0.00,0.00,0.00,0.00,0.00,0.00,0.00,0.00,0.01,0.00,0.00,0.00,0.41,0.01,1.00,#VALUE!,0.00,0.00,0.00,-0.01,#VALUE!,0.00,0.00,0.00,0.00,0.00,0.00,0.00,0.00,0.01,0.00,0.00,0.00,0.01,0.01,0.00,0.00,0.00,0.00,0.00,0.00,0.00,0.00,,
pe1,#VALUE!,#VALUE!,#VALUE!,#VALUE!,#VALUE!,#VALUE!,#VALUE!,#VALUE!,#VALUE!,#VALUE!,#VALUE!,#VALUE!,#VALUE!,#VALUE!,#VALUE!,#VALUE!,#VALUE!,#VALUE!,#VALUE!,#VALUE!,#VALUE!,#VALUE!,#VALUE!,#VALUE!,#VALUE!,#VALUE!,#VALUE!,#VALUE!,#VALUE!,#VALUE!,#VALUE!,#VALUE!,#VALUE!,#VALUE!,#VALUE!,#VALUE!,#VALUE!,#VALUE!,#VALUE!,#VALUE!,#VALUE!,#VALUE!,#VALUE!,#VALUE!,#VALUE!,#VALUE!,#VALUE!,#VALUE!,#VALUE!,#VALUE!,#VALUE!,#VALUE!,#VALUE!,#VALUE!,#VALUE!,#VALUE!,#VALUE!,#VALUE!,#VALUE!,#VALUE!,#VALUE!,#VALUE!,#VALUE!,#VALUE!,#VALUE!,#VALUE!,#VALUE!,#VALUE!,#VALUE!,#VALUE!,#VALUE!,#VALUE!,#VALUE!,#VALUE!,#VALUE!,#VALUE!,#VALUE!,#VALUE!,#VALUE!,#VALUE!,#VALUE!,#VALUE!,#VALUE!,#VALUE!,#VALUE!,#VALUE!,#VALUE!,#VALUE!,#VALUE!,#VALUE!,#VALUE!,#VALUE!,#VALUE!,#VALUE!,#VALUE!,#VALUE!,#VALUE!,#VALUE!,#VALUE!,#VALUE!,#VALUE!,#VALUE!,#VALUE!,#VALUE!,#VALUE!,,
ppnenet,-0.01,0.99,1.00,0.97,1.00,0.00,0.00,-0.92,0.96,0.01,0.96,0.53,0.00,0.00,0.96,0.96,0.96,0.01,0.01,0.98,0.00,0.02,0.00,0.69,0.81,0.00,0.07,0.06,0.62,0.00,0.00,0.00,0.97,0.98,0.04,0.04,0.00,0.00,0.59,0.00,0.93,0.87,0.00,0.56,0.81,0.99,0.99,0.93,0.82,0.88,0.75,0.99,0.96,0.99,0.05,0.24,-0.06,0.23,0.77,-0.84,-0.84,-0.92,0.64,0.90,0.67,0.49,0.49,0.05,-0.02,0.97,0.00,0.89,0.76,0.93,0.00,0.00,0.00,#VALUE!,1.00,0.00,0.00,0.00,#VALUE!,0.88,0.89,0.94,0.04,0.02,0.00,0.00,0.00,0.00,0.00,0.89,-0.08,0.35,0.35,0.86,0.00,1.00,0.94,0.79,0.96,0.00,0.86,,
prefdivis,-0.01,0.00,0.01,0.00,0.00,0.00,0.00,0.00,0.01,0.20,0.00,0.00,0.00,0.00,0.00,0.00,0.00,0.11,0.01,0.00,0.19,0.02,0.00,0.00,0.00,0.00,0.04,0.04,0.00,0.00,0.00,0.00,0.00,0.00,0.13,0.21,0.00,0.00,0.00,0.00,0.00,0.00,0.00,0.01,0.00,0.00,0.01,0.00,0.05,0.00,0.00,0.01,0.00,0.00,0.15,0.00,0.00,0.00,0.00,0.00,0.00,0.00,0.00,0.00,0.00,0.00,0.00,0.04,-0.01,0.00,0.00,0.00,0.00,0.00,0.00,0.00,0.00,#VALUE!,0.00,1.00,0.00,0.00,#VALUE!,0.00,0.00,0.00,0.04,0.00,0.00,0.00,0.00,0.00,0.01,0.00,0.00,0.07,0.02,0.08,0.00,0.00,0.00,0.00,0.00,0.00,0.00,,
price,0.00,0.00,0.00,0.00,0.00,-0.01,0.49,0.00,0.00,0.00,0.00,0.00,0.00,0.00,0.00,0.00,0.00,0.00,0.00,0.00,0.00,0.00,0.37,0.00,0.00,0.00,0.00,0.00,0.00,-0.41,-0.42,-0.41,0.00,0.00,0.00,0.00,0.00,0.00,0.00,-0.41,0.00,0.00,0.00,0.00,0.00,0.00,0.00,0.00,0.00,0.00,0.00,0.00,0.00,0.00,0.00,0.00,0.00,0.00,0.00,0.00,0.00,0.00,0.00,0.00,0.00,0.00,0.00,-0.01,0.00,0.00,0.00,0.00,0.00,0.00,0.00,0.00,0.00,#VALUE!,0.00,0.00,1.00,0.00,#VALUE!,0.00,0.00,0.00,0.00,0.00,0.00,0.00,0.00,0.00,0.00,0.00,-0.05,0.00,0.00,0.00,0.50,0.00,0.00,0.00,0.00,0.50,0.00,,
ps,0.00,0.00,0.00,0.00,0.00,-0.01,0.00,0.00,0.00,0.00,0.00,0.00,0.00,0.00,0.00,0.00,0.00,0.00,0.00,0.00,0.00,0.00,0.00,0.00,0.00,-0.45,0.00,0.00,0.00,0.00,0.00,0.00,0.00,0.00,0.00,0.00,0.00,-0.01,0.00,0.00,0.00,0.00,-0.01,0.00,0.00,0.00,0.00,0.00,0.00,0.00,0.00,0.00,0.00,0.00,0.00,0.00,0.00,0.00,0.00,0.00,0.00,0.00,0.00,0.00,0.00,0.00,0.00,0.00,0.00,0.00,-0.45,0.00,0.00,0.00,0.00,-0.26,-0.01,#VALUE!,0.00,0.00,0.00,1.00,#VALUE!,0.00,0.00,0.00,0.00,0.00,-0.03,0.00,0.00,-0.45,0.00,0.00,0.00,0.00,0.00,0.00,0.00,0.00,0.00,0.00,0.00,0.00,0.00,,
ps1,#VALUE!,#VALUE!,#VALUE!,#VALUE!,#VALUE!,#VALUE!,#VALUE!,#VALUE!,#VALUE!,#VALUE!,#VALUE!,#VALUE!,#VALUE!,#VALUE!,#VALUE!,#VALUE!,#VALUE!,#VALUE!,#VALUE!,#VALUE!,#VALUE!,#VALUE!,#VALUE!,#VALUE!,#VALUE!,#VALUE!,#VALUE!,#VALUE!,#VALUE!,#VALUE!,#VALUE!,#VALUE!,#VALUE!,#VALUE!,#VALUE!,#VALUE!,#VALUE!,#VALUE!,#VALUE!,#VALUE!,#VALUE!,#VALUE!,#VALUE!,#VALUE!,#VALUE!,#VALUE!,#VALUE!,#VALUE!,#VALUE!,#VALUE!,#VALUE!,#VALUE!,#VALUE!,#VALUE!,#VALUE!,#VALUE!,#VALUE!,#VALUE!,#VALUE!,#VALUE!,#VALUE!,#VALUE!,#VALUE!,#VALUE!,#VALUE!,#VALUE!,#VALUE!,#VALUE!,#VALUE!,#VALUE!,#VALUE!,#VALUE!,#VALUE!,#VALUE!,#VALUE!,#VALUE!,#VALUE!,#VALUE!,#VALUE!,#VALUE!,#VALUE!,#VALUE!,#VALUE!,#VALUE!,#VALUE!,#VALUE!,#VALUE!,#VALUE!,#VALUE!,#VALUE!,#VALUE!,#VALUE!,#VALUE!,#VALUE!,#VALUE!,#VALUE!,#VALUE!,#VALUE!,#VALUE!,#VALUE!,#VALUE!,#VALUE!,#VALUE!,#VALUE!,#VALUE!,,
receivables,-0.08,0.92,0.91,0.96,0.90,0.00,0.00,-0.92,0.95,0.02,0.94,0.77,0.00,0.00,0.76,0.79,0.75,0.01,0.01,0.91,0.01,0.01,0.00,0.87,0.93,0.00,0.12,0.11,0.82,0.00,0.00,0.00,0.96,0.95,0.08,0.06,0.00,0.00,0.73,0.00,0.87,0.98,0.00,0.72,0.55,0.86,0.85,0.94,0.89,0.79,0.91,0.87,0.96,0.81,0.09,0.43,-0.17,0.39,0.72,-0.85,-0.86,-0.93,0.55,0.95,0.46,0.74,0.74,0.09,-0.08,0.77,0.00,0.86,0.92,0.95,0.00,0.00,0.00,#VALUE!,0.88,0.00,0.00,0.00,#VALUE!,1.00,0.94,0.97,0.08,0.11,0.00,0.00,0.00,0.00,0.00,0.94,-0.08,0.34,0.34,0.87,0.00,0.91,0.74,0.91,0.90,0.00,0.87,,
retearn,-0.40,0.85,0.86,0.95,0.83,0.00,0.00,-0.91,0.79,0.04,0.56,0.95,0.00,0.00,0.42,0.38,0.44,0.02,0.02,0.88,0.02,0.01,0.00,0.93,0.96,0.00,0.17,0.13,0.95,0.00,0.00,0.00,0.97,0.97,0.17,0.08,0.00,0.00,0.87,0.00,0.40,0.96,0.00,0.71,0.36,0.76,0.76,0.68,0.41,0.68,0.58,0.60,0.75,0.57,0.12,-0.07,-0.26,-0.14,0.14,-0.97,-0.53,-0.76,0.02,0.95,0.22,0.95,0.95,0.12,-0.19,0.13,0.00,0.91,0.90,0.70,0.01,0.00,0.00,#VALUE!,0.89,0.00,0.00,0.00,#VALUE!,0.94,1.00,0.78,0.16,0.54,0.00,0.00,0.00,0.00,0.01,0.83,-0.02,0.10,0.10,0.27,0.00,0.86,0.72,0.93,0.56,0.00,0.83,,
revenue,-0.04,0.96,0.95,0.98,0.95,0.00,0.00,-0.97,0.98,0.01,0.99,0.76,0.00,0.00,0.82,0.85,0.81,0.01,0.01,0.95,0.00,0.02,0.00,0.87,0.94,0.00,0.09,0.09,0.82,0.00,0.00,0.00,0.99,0.98,0.05,0.05,0.00,0.00,0.70,0.00,0.90,0.98,0.00,0.66,0.60,0.91,0.90,0.96,0.89,0.80,0.91,0.92,0.99,0.87,0.07,0.38,-0.13,0.41,0.77,-0.91,-0.91,-0.97,0.59,0.98,0.57,0.73,0.73,0.07,-0.09,0.84,0.00,0.88,0.92,0.98,0.00,0.00,0.00,#VALUE!,0.94,0.00,0.00,0.00,#VALUE!,0.97,0.78,1.00,0.06,0.06,0.00,0.00,0.00,0.00,0.00,0.95,-0.08,0.35,0.35,0.89,0.00,0.96,0.81,0.93,0.96,0.00,0.83,,
revenueusd,-0.05,0.06,0.06,0.07,0.05,0.08,0.00,-0.05,0.07,0.31,0.06,0.05,-0.01,0.01,0.04,0.05,0.04,0.25,0.33,0.05,0.19,0.02,0.00,0.05,0.05,0.01,0.80,0.73,0.05,0.00,0.00,0.00,0.06,0.06,0.71,0.57,-0.02,0.00,0.05,0.00,0.04,0.07,-0.01,0.10,0.02,0.05,0.05,0.07,0.14,0.06,0.07,0.06,0.07,0.04,0.73,0.02,-0.04,0.00,0.03,-0.04,-0.05,-0.05,0.01,0.05,0.02,0.05,0.05,0.69,-0.02,0.03,0.01,0.08,0.05,0.07,0.03,0.00,0.00,#VALUE!,0.04,0.04,0.00,0.00,#VALUE!,0.08,0.16,0.06,1.00,0.08,0.01,0.01,0.00,0.01,0.19,0.08,-0.03,0.29,0.29,0.33,0.00,0.06,0.03,0.05,0.05,0.00,0.07,,
rnd,-0.67,0.04,0.04,0.10,0.03,0.00,0.00,-0.02,0.09,0.02,0.05,0.02,0.00,0.00,0.00,0.00,0.00,0.00,0.01,0.04,0.00,0.01,0.00,0.02,0.03,0.00,0.07,0.06,0.02,0.00,0.00,0.00,0.06,0.07,0.07,0.04,0.00,0.00,0.04,0.00,0.04,0.07,0.00,0.17,0.00,0.02,0.02,0.16,0.01,0.02,0.01,0.02,0.05,0.01,0.08,-0.02,-0.26,-0.07,0.01,-0.02,-0.03,-0.03,0.01,0.03,0.02,0.02,0.02,0.06,0.00,0.01,0.00,0.17,0.02,0.04,0.00,0.00,0.00,#VALUE!,0.02,0.00,0.00,0.00,#VALUE!,0.11,0.54,0.06,0.08,1.00,0.00,0.00,0.00,0.00,0.05,0.18,0.01,0.03,0.03,0.18,0.00,0.04,0.00,0.02,0.01,0.00,0.26,,
roa,0.00,0.00,0.00,0.00,0.00,0.02,0.00,0.00,0.00,0.00,0.00,0.00,0.00,0.00,0.00,0.00,0.00,0.00,0.00,0.00,0.00,0.01,0.00,0.00,0.00,0.10,0.01,0.01,0.00,0.00,0.00,0.00,0.00,0.00,0.01,0.01,0.00,0.00,0.00,0.00,0.00,0.00,0.03,0.00,0.00,0.00,0.00,0.00,0.00,0.00,0.00,0.00,0.00,0.00,0.01,0.00,0.00,0.00,0.00,0.00,0.00,0.00,0.00,0.00,0.00,0.00,0.00,0.01,0.00,0.00,0.10,0.00,0.00,0.00,0.00,0.03,0.00,#VALUE!,0.00,0.00,0.00,-0.03,#VALUE!,0.00,0.00,0.00,0.01,0.00,1.00,0.01,0.00,0.10,0.00,0.00,0.00,0.00,0.00,0.00,0.00,0.00,0.00,0.00,0.00,0.00,0.00,,
roe,0.00,0.00,0.00,0.00,0.00,0.03,0.00,0.00,0.00,0.00,0.00,0.00,0.00,0.00,0.00,0.00,0.00,0.00,0.00,0.00,0.00,0.00,0.00,0.00,0.00,0.00,0.01,0.01,0.00,0.00,0.00,0.00,0.00,0.00,0.00,0.00,0.00,0.00,0.00,0.00,0.00,0.00,-0.01,0.00,0.00,0.00,0.00,0.00,0.00,0.00,0.00,0.00,0.00,0.00,0.01,0.00,0.00,0.00,0.00,0.00,0.00,0.00,0.00,0.00,0.00,0.00,0.00,0.01,0.00,0.00,0.00,0.00,0.00,0.00,0.00,0.02,0.00,#VALUE!,0.00,0.00,0.00,0.00,#VALUE!,0.00,0.00,0.00,0.01,0.00,0.01,1.00,0.03,0.00,0.00,0.00,0.00,0.00,0.00,0.00,0.00,0.00,0.00,0.00,0.00,0.00,0.00,,
roic,0.00,0.00,0.00,0.00,0.00,-0.01,0.00,0.00,0.00,0.00,0.00,0.00,0.00,0.00,0.00,0.00,0.00,0.00,0.00,0.00,0.00,0.00,0.00,0.00,0.00,0.02,0.00,0.00,0.00,0.00,0.00,0.00,0.00,0.00,0.00,0.00,0.00,0.00,0.00,0.00,0.00,0.00,0.01,0.00,0.00,0.00,0.00,0.00,0.00,0.00,0.00,0.00,0.00,0.00,0.00,0.00,0.00,0.00,0.00,0.00,0.00,0.00,0.00,0.00,0.00,0.00,0.00,0.00,0.00,0.00,0.02,0.00,0.00,0.00,0.00,0.03,0.00,#VALUE!,0.00,0.00,0.00,0.00,#VALUE!,0.00,0.00,0.00,0.00,0.00,0.00,0.03,1.00,0.02,0.00,0.00,0.00,0.00,0.00,0.00,0.00,0.00,0.00,0.00,0.00,0.00,0.00,,
ros,0.00,0.00,0.00,0.00,0.00,0.04,0.00,0.00,0.00,0.00,0.00,0.00,0.00,0.01,0.00,0.00,0.00,0.01,0.00,0.00,0.00,0.01,0.00,0.00,0.00,1.00,0.01,0.01,0.00,0.00,0.00,0.00,0.00,0.00,0.01,0.01,0.00,0.00,0.00,0.00,0.00,0.00,0.27,0.00,0.00,0.00,0.00,0.00,0.00,0.00,0.00,0.00,0.00,0.00,0.01,0.00,0.00,0.00,0.00,0.00,0.00,0.00,0.00,0.00,0.00,0.00,0.00,0.01,0.00,0.00,1.00,0.00,0.00,0.00,0.00,0.13,0.01,#VALUE!,0.00,0.00,0.00,-0.45,#VALUE!,0.00,0.00,0.00,0.01,0.00,0.10,0.00,0.02,1.00,0.00,0.00,0.00,0.00,0.00,0.00,0.00,0.00,0.00,0.00,0.00,0.00,0.00,,
sbcomp,0.01,0.00,0.00,0.00,0.00,-0.01,0.00,0.00,0.01,0.06,0.00,0.00,0.00,0.00,0.00,0.00,0.00,0.03,0.17,0.00,0.02,0.00,0.00,0.00,0.00,0.00,0.27,0.29,0.00,0.00,0.00,0.00,0.00,0.00,0.16,0.29,0.00,0.00,0.01,0.00,0.00,0.00,0.00,0.03,0.00,0.00,0.00,0.00,0.02,0.01,0.02,0.00,0.00,0.00,0.43,0.01,-0.02,0.00,0.00,0.00,0.01,0.00,-0.02,0.00,0.00,0.00,0.00,0.30,-0.01,0.00,0.00,0.00,0.00,0.00,0.00,0.00,0.00,#VALUE!,0.00,0.01,0.00,0.00,#VALUE!,0.00,0.01,0.00,0.19,0.05,0.00,0.00,0.00,0.00,1.00,0.00,0.10,0.04,0.04,0.13,0.00,0.00,0.00,0.00,0.00,0.00,0.01,,
sgna,-0.13,0.92,0.92,0.94,0.91,0.00,0.00,-0.89,0.91,0.02,0.95,0.62,0.00,0.00,0.81,0.86,0.80,0.02,0.02,0.90,0.01,0.02,0.00,0.74,0.82,0.00,0.11,0.09,0.68,0.00,0.00,0.00,0.94,0.94,0.08,0.06,0.00,0.00,0.62,0.00,0.92,0.92,0.00,0.83,0.64,0.88,0.87,0.97,0.87,0.75,0.90,0.89,0.95,0.85,0.08,0.30,-0.22,0.39,0.73,-0.81,-0.82,-0.90,0.51,0.89,0.59,0.59,0.59,0.08,-0.20,0.81,0.00,0.95,0.81,0.94,0.00,0.00,0.00,#VALUE!,0.89,0.00,0.00,0.00,#VALUE!,0.94,0.83,0.95,0.08,0.18,0.00,0.00,0.00,0.00,0.00,1.00,-0.09,0.34,0.34,0.88,0.00,0.91,0.80,0.81,0.91,0.00,0.82,,
sharefactor,0.01,-0.08,-0.08,-0.08,-0.08,0.00,-0.04,0.08,-0.08,-0.01,-0.09,-0.05,0.00,0.00,-0.07,-0.08,-0.07,-0.04,-0.04,-0.08,0.00,-0.01,-0.03,-0.06,-0.07,0.00,-0.02,0.00,-0.06,0.04,0.04,0.04,-0.08,-0.08,-0.01,-0.02,0.02,0.00,-0.06,0.03,-0.10,-0.08,0.00,-0.09,-0.06,-0.08,-0.08,-0.09,-0.08,-0.06,-0.08,-0.08,-0.09,-0.07,0.03,-0.03,0.03,-0.04,-0.07,0.07,0.07,0.08,-0.05,-0.08,-0.04,-0.05,-0.05,0.01,0.03,-0.07,0.00,-0.09,-0.07,-0.09,-0.01,0.00,0.00,#VALUE!,-0.08,0.00,-0.05,0.00,#VALUE!,-0.08,-0.02,-0.08,-0.03,0.01,0.00,0.00,0.00,0.00,0.10,-0.09,1.00,-0.19,-0.19,-0.07,-0.04,-0.08,-0.07,-0.07,-0.08,-0.04,-0.05,,
sharesbas,-0.01,0.36,0.36,0.36,0.36,-0.02,0.00,-0.35,0.37,0.15,0.35,0.25,0.00,0.00,0.32,0.34,0.31,0.17,0.20,0.36,0.08,0.01,0.00,0.29,0.33,0.00,0.32,0.25,0.27,0.00,0.00,0.00,0.36,0.36,0.31,0.25,-0.03,0.00,0.26,0.00,0.32,0.35,0.01,0.26,0.24,0.34,0.34,0.34,0.36,0.31,0.31,0.35,0.37,0.33,0.25,0.14,-0.05,0.13,0.26,-0.31,-0.31,-0.35,0.20,0.35,0.20,0.24,0.24,0.23,-0.01,0.32,0.00,0.35,0.31,0.36,0.03,0.00,0.01,#VALUE!,0.35,0.07,0.00,0.00,#VALUE!,0.34,0.10,0.35,0.29,0.03,0.00,0.00,0.00,0.00,0.04,0.34,-0.19,1.00,1.00,1.00,0.00,0.36,0.30,0.32,0.34,0.00,0.28,,
shareswa,-0.01,0.36,0.36,0.36,0.36,-0.02,0.00,-0.35,0.37,0.15,0.35,0.25,0.00,0.00,0.32,0.34,0.31,0.17,0.20,0.36,0.08,0.01,0.00,0.29,0.33,0.00,0.32,0.25,0.27,0.00,0.00,0.00,0.36,0.36,0.32,0.25,-0.03,0.00,0.26,0.00,0.33,0.35,0.01,0.26,0.24,0.34,0.34,0.34,0.36,0.31,0.31,0.35,0.37,0.33,0.25,0.14,-0.05,0.13,0.26,-0.31,-0.32,-0.35,0.20,0.35,0.20,0.24,0.24,0.23,-0.01,0.32,0.00,0.35,0.31,0.36,0.02,0.00,0.01,#VALUE!,0.35,0.02,0.00,0.00,#VALUE!,0.34,0.10,0.35,0.29,0.03,0.00,0.00,0.00,0.00,0.04,0.34,-0.19,1.00,1.00,1.00,0.00,0.36,0.30,0.32,0.34,0.00,0.28,,
shareswadil,-0.09,0.89,0.88,0.93,0.91,-0.02,0.00,-0.88,0.90,0.29,0.88,0.84,0.00,0.00,0.81,0.82,0.84,0.28,0.18,0.88,0.26,0.02,0.00,0.86,0.87,0.00,0.40,0.38,0.85,0.00,0.00,0.00,0.88,0.88,0.40,0.38,-0.01,0.01,0.83,0.00,0.88,0.88,0.01,0.78,0.44,0.87,0.87,0.88,0.89,0.86,0.87,0.88,0.93,0.88,0.37,0.40,-0.44,0.43,0.74,-0.84,-0.85,-0.87,0.45,0.88,0.56,0.84,0.84,0.35,-0.02,0.80,0.00,0.85,0.87,0.86,0.01,0.00,0.00,#VALUE!,0.86,0.08,0.00,0.00,#VALUE!,0.87,0.27,0.89,0.33,0.18,0.00,0.00,0.00,0.00,0.13,0.88,-0.07,1.00,1.00,1.00,0.00,0.88,0.80,0.87,0.87,0.00,0.87,,
sps,0.00,0.00,0.00,0.00,0.00,-0.01,0.99,0.00,0.00,0.00,0.00,0.00,0.00,0.00,0.00,0.00,0.00,0.00,0.00,0.00,0.00,0.00,0.71,0.00,0.00,0.00,0.00,0.00,0.00,-0.85,-0.87,-0.85,0.00,0.00,0.00,0.00,0.00,0.00,0.00,-0.77,0.00,0.00,0.00,0.00,0.00,0.00,0.00,0.00,0.00,0.00,0.00,0.00,0.00,0.00,0.00,0.00,0.00,0.00,0.00,0.00,0.00,0.00,0.00,0.00,0.00,0.00,0.00,0.00,0.00,0.00,0.00,0.00,0.00,0.00,0.00,0.00,0.00,#VALUE!,0.00,0.00,0.50,0.00,#VALUE!,0.00,0.00,0.00,0.00,0.00,0.00,0.00,0.00,0.00,0.00,0.00,-0.04,0.00,0.00,0.00,1.00,0.00,0.00,0.00,0.00,1.00,0.00,,
tangibles,-0.03,1.00,1.00,0.98,1.00,0.00,0.00,-0.93,0.97,0.04,0.97,0.58,0.00,0.00,0.95,0.95,0.94,0.04,0.01,0.99,0.03,0.02,0.00,0.73,0.84,0.00,0.09,0.08,0.66,0.00,0.00,0.00,0.98,0.99,0.07,0.06,0.00,0.00,0.62,0.00,0.93,0.90,0.00,0.60,0.79,0.99,0.98,0.95,0.86,0.88,0.80,0.99,0.98,0.98,0.07,0.28,-0.08,0.27,0.77,-0.85,-0.85,-0.94,0.63,0.93,0.65,0.54,0.54,0.06,-0.04,0.96,0.00,0.91,0.79,0.95,0.00,0.00,0.00,#VALUE!,1.00,0.00,0.00,0.00,#VALUE!,0.91,0.86,0.96,0.06,0.04,0.00,0.00,0.00,0.00,0.00,0.91,-0.08,0.36,0.36,0.88,0.00,1.00,0.92,0.82,0.96,0.00,0.87,,
taxassets,0.00,0.92,0.93,0.86,0.94,0.00,0.00,-0.82,0.83,0.00,0.85,0.26,0.00,0.00,0.97,0.96,0.96,0.01,0.00,0.90,0.00,0.02,0.00,0.45,0.59,0.00,0.05,0.04,0.36,0.00,0.00,0.00,0.87,0.89,0.03,0.03,0.00,0.00,0.32,0.00,0.88,0.72,0.00,0.53,0.86,0.96,0.95,0.84,0.68,0.76,0.61,0.95,0.86,0.97,0.03,0.06,-0.04,0.14,0.73,-0.70,-0.67,-0.80,0.61,0.74,0.78,0.21,0.21,0.02,-0.04,0.97,0.00,0.91,0.54,0.81,0.00,0.00,0.00,#VALUE!,0.94,0.00,0.00,0.00,#VALUE!,0.74,0.72,0.81,0.03,0.00,0.00,0.00,0.00,0.00,0.00,0.80,-0.07,0.30,0.30,0.80,0.00,0.92,1.00,0.58,0.91,0.00,0.74,,
taxexp,-0.02,0.82,0.81,0.89,0.80,0.00,0.00,-0.89,0.92,0.01,0.89,0.94,0.00,0.00,0.61,0.65,0.61,0.01,0.00,0.83,0.00,0.01,0.00,0.99,1.00,0.00,0.09,0.09,0.97,0.00,0.00,0.00,0.89,0.86,0.04,0.05,0.00,0.00,0.83,0.00,0.74,0.96,0.00,0.50,0.35,0.74,0.73,0.84,0.83,0.75,0.85,0.76,0.89,0.69,0.07,0.57,-0.10,0.49,0.64,-0.89,-0.92,-0.89,0.60,0.96,0.30,0.92,0.92,0.08,0.00,0.66,0.00,0.65,0.99,0.88,0.00,0.00,0.00,#VALUE!,0.79,0.00,0.00,0.00,#VALUE!,0.91,0.93,0.93,0.05,0.02,0.00,0.00,0.00,0.00,0.00,0.81,-0.07,0.32,0.32,0.87,0.00,0.82,0.58,1.00,0.84,0.00,0.79,,
taxliabilities,-0.01,0.97,0.95,0.95,0.96,0.00,0.00,-0.96,0.95,0.01,0.96,0.62,0.00,0.00,0.88,0.90,0.88,0.01,0.00,0.95,0.00,0.02,0.00,0.75,0.85,0.00,0.07,0.07,0.69,0.00,0.00,0.00,0.96,0.96,0.04,0.04,0.00,0.00,0.58,0.00,0.91,0.92,0.00,0.59,0.68,0.94,0.93,0.93,0.83,0.78,0.83,0.95,0.96,0.92,0.06,0.35,-0.10,0.43,0.75,-0.86,-0.85,-0.94,0.64,0.93,0.66,0.58,0.58,0.05,-0.05,0.91,0.00,0.90,0.82,0.92,0.00,0.00,0.00,#VALUE!,0.96,0.00,0.00,0.00,#VALUE!,0.90,0.56,0.96,0.05,0.01,0.00,0.00,0.00,0.00,0.00,0.91,-0.08,0.34,0.34,0.87,0.00,0.96,0.91,0.84,1.00,0.00,0.81,,
tbvps,0.00,0.00,0.00,0.00,0.00,-0.01,1.00,0.00,0.00,0.00,0.00,0.00,0.00,0.00,0.00,0.00,0.00,0.00,0.00,0.00,0.00,0.00,0.74,0.00,0.00,0.00,0.00,0.00,0.00,-0.83,-0.84,-0.83,0.00,0.00,0.00,0.00,0.00,0.00,0.00,-0.80,0.00,0.00,0.00,0.00,0.00,0.00,0.00,0.00,0.00,0.00,0.00,0.00,0.00,0.00,0.00,0.00,0.00,0.00,0.00,0.00,0.00,0.00,0.00,0.00,0.00,0.00,0.00,0.00,0.00,0.00,0.00,0.00,0.00,0.00,0.00,0.00,0.00,#VALUE!,0.00,0.00,0.50,0.00,#VALUE!,0.00,0.00,0.00,0.00,0.00,0.00,0.00,0.00,0.00,0.00,0.00,-0.04,0.00,0.00,0.00,1.00,0.00,0.00,0.00,0.00,1.00,0.00,,
workingcapital,-0.18,0.87,0.88,0.90,0.86,-0.01,0.00,-0.75,0.89,0.08,0.83,0.60,0.00,0.00,0.80,0.78,0.80,0.05,0.01,0.90,0.01,0.02,0.00,0.73,0.81,0.00,0.11,0.10,0.66,0.00,0.00,0.00,0.89,0.88,0.11,0.08,0.00,0.00,0.77,0.00,0.81,0.82,0.00,0.54,0.69,0.86,0.87,0.87,0.83,0.91,0.67,0.85,0.85,0.83,0.08,0.46,-0.05,0.21,0.53,-0.70,-0.80,-0.78,0.63,0.83,0.33,0.57,0.57,0.08,0.00,0.82,0.00,0.75,0.75,0.79,0.00,0.00,0.00,#VALUE!,0.86,0.00,0.00,0.00,#VALUE!,0.87,0.83,0.83,0.07,0.26,0.00,0.00,0.00,0.00,0.01,0.82,-0.05,0.28,0.28,0.87,0.00,0.87,0.74,0.79,0.81,0.00,1.00,,
,101.00,48.00,48.00,48.00,48.00,102.00,95.00,48.00,48.00,98.00,48.00,61.00,102.00,102.00,55.00,54.00,55.00,98.00,102.00,48.00,99.00,102.00,98.00,52.00,49.00,100.00,96.00,96.00,57.00,97.00,97.00,97.00,48.00,48.00,93.00,94.00,102.00,102.00,58.00,98.00,51.00,50.00,102.00,60.00,66.00,51.00,51.00,48.00,51.00,51.00,49.00,51.00,48.00,52.00,96.00,91.00,102.00,95.00,54.00,50.00,51.00,49.00,62.00,48.00,67.00,64.00,64.00,96.00,102.00,55.00,100.00,54.00,49.00,48.00,102.00,102.00,102.00,0.00,50.00,102.00,101.00,102.00,0.00,49.00,58.00,48.00,96.00,100.00,102.00,102.00,102.00,100.00,102.00,48.00,102.00,100.00,100.00,49.00,94.00,48.00,54.00,49.00,48.00,95.00,49.00,,
,2.00,55.00,55.00,55.00,55.00,1.00,8.00,55.00,55.00,5.00,55.00,42.00,1.00,1.00,48.00,49.00,48.00,5.00,1.00,55.00,4.00,1.00,5.00,51.00,54.00,3.00,7.00,7.00,46.00,6.00,6.00,6.00,55.00,55.00,10.00,9.00,1.00,1.00,45.00,5.00,52.00,53.00,1.00,43.00,37.00,52.00,52.00,55.00,52.00,52.00,54.00,52.00,55.00,51.00,7.00,12.00,1.00,8.00,49.00,53.00,52.00,54.00,41.00,55.00,36.00,39.00,39.00,7.00,1.00,48.00,3.00,49.00,54.00,55.00,1.00,1.00,1.00,0.00,53.00,1.00,2.00,1.00,0.00,54.00,45.00,55.00,7.00,3.00,1.00,1.00,1.00,3.00,1.00,55.00,1.00,3.00,3.00,54.00,9.00,55.00,49.00,54.00,55.00,8.00,54.00,,
,accoci,assets,assetsavg,assetsc,assetsnc,assetturnover,bvps,capex,cashneq,cashnequsd,cor,consolinc,currentratio,de,debt,debtc,debtnc,debtusd,deferredrev,depamor,deposits,divyield,dps,ebit,ebitda,ebitdamargin,ebitdausd,ebitusd,ebt,eps,epsdil,epsusd,equity,equityavg,equityusd,ev,evebit,evebitda,fcf,fcfps,fxusd,gp,grossmargin,intangibles,intexp,invcap,invcapavg,inventory,investments,investmentsc,investmentsnc,liabilities,liabilitiesc,liabilitiesnc,marketcap,ncf,ncfbus,ncfcommon,ncfdebt,ncfdiv,ncff,ncfi,ncfinv,ncfo,ncfx,netinc,netinccmn,netinccmnusd,netincdis,netincnci,netmargin,opex,opinc,payables,payoutratio,pb,pe,pe1,ppnenet,prefdivis,price,ps,ps1,receivables,retearn,revenue,revenueusd,rnd,roa,roe,roic,ros,sbcomp,sgna,sharefactor,sharesbas,shareswa,shareswadil,sps,tangibles,taxassets,taxexp,taxliabilities,tbvps,workingcapital,,
